"dataset","backend","scenario","n_in","s_in","reps","status","message","time_s","time_min_s","peak_mb","n_vertices","n_triangles","area_ok","angle_ok","angle_min","unrefined","segs_kept","cd_violations","flat","depth_match","job_wall_s","run_at"
"points_10000","laridae","constrained",10000,0,10,"ok",NA,0.013,0.012,65.875,10000,19963,NA,NA,0.00551607421249654,NA,NA,0,1,"k=1",1.391,"2026-10-06T11:55:34Z"
"points_10000","cdtr","constrained",10000,0,10,"ok",NA,0.016,0.014,65.5625,10000,19963,NA,NA,0.00551607421249654,NA,NA,0,1,"k=1",1.426,"2026-10-06T11:55:36Z"
"points_10000","trowel","constrained",10000,0,10,"ok",NA,0.043,0.0359999999999999,69.78125,10000,19963,NA,NA,0.00551607421249654,NA,NA,0,1,"k=1",1.816,"2026-10-06T11:55:37Z"
"points_10000","RTriangle","constrained",10000,0,10,"ok",NA,0.021,0.0179999999999999,67.78515625,10000,19963,NA,NA,0.00551607421249654,NA,NA,0,1,NA,1.563,"2026-10-06T11:55:39Z"
"points_10000","laridae","area",10000,0,10,"ok",NA,0.562,0.539,93.0390625,80797,160485,1,NA,0.00608974305200358,"none",NA,0,1,"k=1",17.712,"2026-10-06T11:55:57Z"
"points_10000","cdtr","area",10000,0,10,"ok",NA,0.2895,0.233,84.70703125,80610,161183,0.997040630835758,NA,0.00608974305200358,"shortEdgeTriangles=6 circumcenterOutside=2042",NA,0,1,"k=1",13.525,"2026-10-06T11:56:10Z"
"points_10000","trowel","area",10000,0,10,"ok",NA,0.2745,0.245,107.78515625,81998,162906,1,NA,0.00608974305200358,"none",NA,0,1,"k=1",14.069,"2026-10-06T11:56:24Z"
"points_10000","RTriangle","area",10000,0,10,"ok",NA,0.1365,0.122,101.15625,82030,163445,1,NA,0.00608974305200358,NA,NA,0,1,NA,12.196,"2026-10-06T11:56:36Z"
"points_10000","laridae","quality",10000,0,10,"ok",NA,0.6265,0.56,93.87890625,82784,164452,1,0.954995986670883,0.00608974305200358,"bad=7401 shortEdges=7401",NA,0,1,"k=1",17.695,"2026-10-06T11:56:54Z"
"points_10000","cdtr","quality",10000,0,10,"ok",NA,0.287,0.259,84.08203125,82670,165303,0.996551786718934,0.950757094547588,0.00608974305200358,"shortEdgeTriangles=8925 circumcenterOutside=2972",NA,0,1,"k=1",13.938,"2026-10-06T11:57:08Z"
"points_10000","trowel","quality",10000,0,10,"ok",NA,0.4305,0.382000000000001,128.9296875,110000,218886,0.998853284358068,0.997126358012847,0.428291361022071,"incomplete=1",NA,0,0,"k=1",19.387,"2026-10-06T11:57:27Z"
"points_10000","RTriangle","quality",10000,0,10,"ok",NA,0.1585,0.141,109.6015625,97332,193762,1,1,20.0052582122473,NA,NA,0,2,NA,15.439,"2026-10-06T11:57:43Z"
"kosovo","laridae","constrained",23338,23338,5,"ok",NA,0.0569999999999999,0.0549999999999999,78.9609375,23338,23336,NA,NA,0.00415490793723192,NA,1,0,0,"k=1",11.835,"2026-10-06T11:57:55Z"
"kosovo","cdtr","constrained",23338,23338,5,"ok",NA,0.051,0.05,69.35546875,23338,23336,NA,NA,0.00415490793723192,NA,1,0,0,"k=1",10.383,"2026-10-06T11:58:05Z"
"kosovo","trowel","constrained",23338,23338,5,"ok",NA,0.059,0.055,81.8203125,23338,23336,NA,NA,0.00415490793723192,NA,1,0,0,"k=1",11.375,"2026-10-06T11:58:17Z"
"kosovo","RTriangle","constrained",23338,23338,5,"ok",NA,0.075,0.07,75.3671875,23338,23336,NA,NA,0.00415490793723192,NA,1,0,0,NA,11.882,"2026-10-06T11:58:28Z"
"kosovo","laridae","area",23338,23338,5,"ok",NA,0.325,0.299,93.8984375,59178,94872,1,NA,0.00976404938655032,"none",1,0,0,"k=1",30.783,"2026-10-06T11:58:59Z"
"kosovo","cdtr","area",23338,23338,5,"ok",NA,0.316,0.244,81.78125,59644,95790,1,NA,0.00976404938655032,"shortEdges=72",1,0,0,"k=1",29.654,"2026-10-06T11:59:29Z"
"kosovo","trowel","area",23338,23338,5,"ok",NA,0.486,0.435,103.87890625,61544,97739,1,NA,0.00802302007767122,"none",1,0,4,"k=1",27.169,"2026-10-06T11:59:56Z"
"kosovo","RTriangle","area",23338,23338,5,"ok",NA,0.0910000000000001,0.091,90.734375,59706,96068,1,NA,0.00976404938655032,NA,1,0,0,NA,28.293,"2026-10-06T12:00:24Z"
"kosovo","laridae","quality",23338,23338,5,"ok",NA,0.662,0.581,104.0078125,80499,137282,1,0.991266152882388,0.075972764593626,"bad=1199 shortEdges=1198 sharpFixedCorner=11 circumcenterOutside=13",1,0,0,"k=1",45.543,"2026-10-06T12:01:10Z"
"kosovo","cdtr","quality",23338,23338,5,"ok",NA,0.37,0.357,86.1796875,81528,139315,1,0.991501274091089,0.0561444639050385,"shortEdgeTriangles=3694 sharpFixedCorner=2 shortEdges=108",1,0,0,"k=1",43.555,"2026-10-06T12:01:53Z"
"kosovo","trowel","quality",23338,23338,5,"ok",NA,0.876,0.817,125.3515625,86443,145854,0.971848560889657,0.998903012601643,1.4249496476232,"incomplete=1",1,0,0,"k=1",46.402,"2026-10-06T12:02:40Z"
"kosovo","RTriangle","quality",23338,23338,5,"ok",NA,0.14,0.133,98.2265625,76317,128599,1,0.999968895559063,12.2716816956659,NA,1,0,0,NA,43.248,"2026-10-06T12:03:23Z"
"kosovo","laridae","insert_1k",23338,23338,5,"ok",NA,0.004,0.003,91.37109375,NA,NA,NA,NA,NA,NA,NA,NA,NA,NA,0.711000000000013,"2026-10-06T12:03:24Z"
"kosovo","cdtr","insert_1k",23338,23338,5,"ok",NA,0.049,0.048,69.13671875,NA,NA,NA,NA,NA,NA,NA,NA,NA,NA,0.662999999999954,"2026-10-06T12:03:24Z"
"kosovo","trowel","insert_1k",23338,23338,5,"ok",NA,0.00700000000000001,0.00700000000000001,81.12890625,NA,NA,NA,NA,NA,NA,NA,NA,NA,NA,0.755999999999972,"2026-10-06T12:03:25Z"
"kosovo","RTriangle","insert_1k",23338,23338,5,"ok",NA,0.055,0.053,75.88671875,NA,NA,NA,NA,NA,NA,NA,NA,NA,NA,0.70700000000005,"2026-10-06T12:03:26Z"
"cuba","laridae","constrained",24454,24454,5,"ok",NA,0.0610000000000001,0.0570000000000001,79.75,24454,24396,NA,NA,0.040705809586621,NA,1,0,0,"k=1",11.127,"2026-10-06T12:03:37Z"
"cuba","cdtr","constrained",24454,24454,5,"ok",NA,0.052,0.049,69.6015625,24454,24396,NA,NA,0.040705809586621,NA,1,0,0,"k=1",8.601,"2026-10-06T12:03:46Z"
"cuba","trowel","constrained",24454,24454,5,"ok",NA,0.049,0.046,82.5078125,24454,24396,NA,NA,0.040705809586621,NA,1,0,0,"k=1",8.029,"2026-10-06T12:03:54Z"
"cuba","RTriangle","constrained",24454,24454,5,"ok",NA,0.062,0.0459999999999999,76.0859375,24454,24396,NA,NA,0.040705809586621,NA,1,0,0,NA,11.4710000000001,"2026-10-06T12:04:05Z"
"cuba","laridae","area",24454,24454,5,"ok",NA,0.195,0.185,88.91015625,44241,62723,1,NA,0.0611773087991963,"none",1,0,0,"k=1",21.1030000000001,"2026-10-06T12:04:26Z"
"cuba","cdtr","area",24454,24454,5,"ok",NA,0.179,0.168,76.2578125,44701,63506,1,NA,0.0611773087991963,"shortEdges=39",1,0,0,"k=1",20.674,"2026-10-06T12:04:47Z"
"cuba","trowel","area",24454,24454,5,"ok",NA,0.476,0.427,103.04296875,46838,65584,1,NA,0.00379699595675565,"none",1,0,0,"k=1",21.03,"2026-10-06T12:05:08Z"
"cuba","RTriangle","area",24454,24454,5,"ok",NA,0.093,0.073,83.41015625,43288,62064,1,NA,0.0611773087991963,NA,1,0,0,NA,20.622,"2026-10-06T12:05:29Z"
"cuba","laridae","quality",24454,24454,5,"ok",NA,0.36,0.313,96.7421875,63583,99247,1,0.994166070510947,0.0998390573097283,"bad=579 shortEdges=579 sharpFixedCorner=9 circumcenterOutside=2",1,0,0,"k=1",36.342,"2026-10-06T12:06:05Z"
"cuba","cdtr","quality",24454,24454,5,"ok",NA,0.315,0.293,82.94921875,64181,100262,1,0.992908579521653,0.0998390573097283,"shortEdgeTriangles=1324 shortEdges=68",1,0,0,"k=1",37.054,"2026-10-06T12:06:42Z"
"cuba","trowel","quality",24454,24454,5,"ok",NA,0.786,0.718,127.71875,72818,113207,1,1,20.0002039253757,"none",1,0,4,"k=1",51.4690000000001,"2026-10-06T12:07:33Z"
"cuba","RTriangle","quality",24454,24454,5,"ok",NA,0.111,0.105,89.10546875,55476,85714,1,1,20.0002039253757,NA,1,0,0,NA,25.208,"2026-10-06T12:07:59Z"
"cuba","laridae","insert_1k",24454,24454,5,"ok",NA,0.003,0.003,92.6875,NA,NA,NA,NA,NA,NA,NA,NA,NA,NA,0.676000000000045,"2026-10-06T12:07:59Z"
"cuba","cdtr","insert_1k",24454,24454,5,"ok",NA,0.055,0.053,69.109375,NA,NA,NA,NA,NA,NA,NA,NA,NA,NA,0.682000000000016,"2026-10-06T12:08:00Z"
"cuba","trowel","insert_1k",24454,24454,5,"ok",NA,0.00900000000000001,0.00800000000000001,84.99609375,NA,NA,NA,NA,NA,NA,NA,NA,NA,NA,0.717999999999961,"2026-10-06T12:08:01Z"
"cuba","RTriangle","insert_1k",24454,24454,5,"ok",NA,0.0559999999999999,0.054,76.48046875,NA,NA,NA,NA,NA,NA,NA,NA,NA,NA,0.737999999999943,"2026-10-06T12:08:02Z"
"points_100000","laridae","constrained",100000,0,5,"ok",NA,0.165,0.148,100.78515625,100000,199790,NA,NA,1.61089689395695e-05,NA,NA,0,235,"k=1",32.393,"2026-10-06T12:08:34Z"
"points_100000","cdtr","constrained",100000,0,5,"ok",NA,0.164,0.154,90.84375,100000,199790,NA,NA,1.61089689395695e-05,NA,NA,0,235,"k=1",33.047,"2026-10-06T12:09:07Z"
"points_100000","trowel","constrained",100000,0,5,"ok",NA,2.166,2.051,118.33203125,100000,199790,NA,NA,1.61089689395695e-05,NA,NA,0,235,"k=1",43.1850000000001,"2026-10-06T12:09:50Z"
"points_100000","RTriangle","constrained",100000,0,5,"ok",NA,0.236,0.21,163.8046875,100000,199790,NA,NA,1.61089689395695e-05,NA,NA,0,235,NA,33.7510000000001,"2026-10-06T12:10:24Z"
"points_100000","laridae","area",100000,0,5,"ok",NA,0.667,0.641,128.0234375,167232,333188,1,NA,1.61089689395695e-05,"none",NA,0,235,"k=1",65.0730000000001,"2026-10-06T12:11:29Z"
"points_100000","cdtr","area",100000,0,5,"ok",NA,0.493,0.429,110.5,167203,334196,0.998934756849274,NA,1.61089689395695e-05,"shortEdgeTriangles=18 circumcenterOutside=1505",NA,0,235,"k=1",64.2140000000001,"2026-10-06T12:12:33Z"
"points_100000","trowel","area",100000,0,5,"ok",NA,2.614,2.436,155.2890625,168358,335410,1,NA,1.61089689395695e-05,"none",NA,0,235,"k=1",76.9540000000001,"2026-10-06T12:13:50Z"
"points_100000","RTriangle","area",100000,0,5,"ok",NA,0.404,0.33,191.5234375,168193,335691,1,NA,1.61089689395695e-05,NA,NA,0,235,NA,63.6880000000001,"2026-10-06T12:14:54Z"
"points_100000","laridae","quality",100000,0,5,"ok",NA,0.9,0.88,129.2265625,174957,348618,1,0.626097906591169,1.61089689395695e-05,"bad=130300 shortEdges=130300 circumcenterOutside=14",NA,0,235,"k=1",66.088,"2026-10-06T12:16:00Z"
"points_100000","cdtr","quality",100000,0,5,"ok",NA,0.569,0.532,113.4296875,175037,349864,0.998885281137813,0.625531635149658,1.61089689395695e-05,"shortEdgeTriangles=148900 circumcenterOutside=2511",NA,0,235,"k=1",66.3710000000001,"2026-10-06T12:17:06Z"
"points_100000","trowel","quality",100000,0,5,"ok",NA,2.557,2.335,174.93359375,200000,399236,0.970834293500586,0.724438677874741,6.74319052132817e-05,"incomplete=1",NA,0,49,"k=1",81.923,"2026-10-06T12:18:28Z"
"points_100000","RTriangle","quality",100000,0,5,"ok",NA,0.657,0.537,211.98046875,199999,399547,0.983318608323927,0.729733923668555,0.0350112317292045,NA,NA,0,1114,NA,70.076,"2026-10-06T12:19:38Z"
"norway","laridae","constrained",131404,131404,5,"ok",NA,0.506,0.483,172.28125,131404,131078,NA,NA,1.70754729250319e-06,NA,0.999969559526346,0,20,"neither",286.443,"2026-10-06T12:24:25Z"
"norway","cdtr","constrained",131404,131404,5,"ok",NA,0.384,0.357,101.67578125,131404,131078,NA,NA,1.70754729250319e-06,NA,NA,NA,NA,NA,2.436,"2026-10-06T12:28:00Z"
"norway","trowel","constrained",131404,131404,5,"ok",NA,0.44,0.395,155.67578125,131404,131078,NA,NA,1.70754729250319e-06,NA,NA,NA,NA,NA,2.753,"2026-10-06T12:28:02Z"
"norway","RTriangle","constrained",131404,131404,5,"ok",NA,0.335,0.31,184.26171875,131404,131078,NA,NA,1.70754729250319e-06,NA,NA,NA,NA,NA,2.293,"2026-10-06T12:28:05Z"
