s0,s1
1,2
2,3
3,4
4,5
5,6
6,7
1,7
8,9
9,10
10,11
8,11
12,13
13,14
14,15
12,15
16,17
17,18
18,19
16,19
20,21
21,22
22,23
20,23
24,25
25,26
26,27
24,27
28,29
29,30
30,31
31,32
32,33
33,34
34,35
35,36
36,37
37,38
38,39
28,39
40,41
41,42
42,43
43,44
44,45
40,45
46,47
47,48
48,49
49,50
50,51
51,52
52,53
53,54
54,55
55,56
56,57
57,58
58,59
59,60
6,60
5,61
61,62
62,63
63,64
64,65
65,66
66,67
67,68
68,69
69,70
70,71
71,72
72,73
73,74
74,75
75,76
76,77
77,78
78,79
79,80
80,81
81,82
82,83
83,84
84,85
85,86
86,87
87,88
88,89
89,90
90,91
91,92
92,93
93,94
94,95
95,96
96,97
97,98
98,99
99,100
100,101
101,102
102,103
103,104
104,105
105,106
106,107
107,108
108,109
109,110
110,111
111,112
112,113
113,114
114,115
115,116
116,117
117,118
118,119
119,120
120,121
121,122
122,123
123,124
124,125
125,126
126,127
127,128
128,129
129,130
130,131
131,132
132,133
133,134
134,135
135,136
136,137
137,138
138,139
139,140
140,141
141,142
142,143
143,144
144,145
145,146
146,147
147,148
148,149
149,150
150,151
151,152
152,153
153,154
154,155
155,156
156,157
157,158
158,159
159,160
160,161
161,162
162,163
163,164
164,165
46,165
166,167
167,168
168,169
169,170
170,171
171,172
172,173
173,174
174,175
175,176
166,176
177,178
178,179
179,180
180,181
181,182
177,182
183,184
184,185
185,186
183,186
62,187
187,188
188,189
189,190
190,191
191,192
192,193
193,194
86,194
89,193
193,195
94,195
196,197
197,198
198,199
199,200
200,201
196,201
135,197
196,202
202,203
203,204
136,204
149,205
205,206
206,207
162,207
208,209
209,210
208,210
211,212
212,213
213,214
214,215
215,216
216,217
217,218
218,219
219,220
220,221
221,222
222,223
211,223
224,225
225,226
226,227
227,228
228,229
229,230
230,231
231,232
232,233
224,233
234,235
235,236
236,237
237,238
238,239
239,240
240,241
234,241
242,243
243,244
244,245
242,245
234,246
241,247
246,247
248,249
249,250
250,251
251,252
252,253
248,253
254,255
255,256
256,257
254,257
258,259
259,260
260,261
261,262
262,263
263,264
264,265
265,266
266,267
258,267
268,269
269,270
270,271
268,271
272,273
273,274
274,275
275,276
276,277
277,278
278,279
279,280
272,280
281,282
282,283
283,284
284,285
285,286
286,287
287,288
281,288
289,290
290,291
291,292
292,293
293,294
294,295
289,295
296,297
297,298
298,299
299,300
300,301
301,302
302,303
303,304
304,305
296,305
306,307
307,308
308,309
306,309
310,311
311,312
312,313
313,314
310,314
315,316
316,317
315,317
318,319
319,320
320,321
321,322
322,323
318,323
324,325
325,326
326,327
324,327
320,328
319,329
329,330
328,330
331,332
332,333
333,334
334,335
335,336
336,337
337,338
338,339
339,340
340,341
341,342
342,343
343,344
344,345
345,346
331,346
347,348
348,349
349,350
347,350
351,352
352,353
353,354
354,355
355,356
356,357
357,358
351,358
359,360
360,361
361,362
362,363
359,363
364,365
365,366
366,367
364,367
368,369
369,370
368,370
371,372
372,373
373,374
374,375
375,376
376,377
371,377
378,379
374,379
374,380
380,381
381,382
382,383
378,383
384,385
385,386
386,387
387,388
384,388
389,390
390,391
391,392
392,393
393,394
394,395
395,396
396,397
397,398
398,399
399,400
400,401
401,402
402,403
403,404
404,405
405,406
406,407
407,408
408,409
409,410
410,411
411,412
412,413
413,414
414,415
415,416
416,417
417,418
418,419
419,420
420,421
421,422
422,423
423,424
424,425
425,426
426,427
427,428
428,429
429,430
430,431
431,432
432,433
433,434
434,435
435,436
436,437
437,438
389,438
384,439
388,440
440,441
441,442
439,442
443,444
444,445
445,446
446,447
447,448
448,449
449,450
443,450
45,451
42,452
452,453
453,454
454,455
455,456
456,457
457,458
458,459
459,460
57,460
57,461
451,461
462,463
463,464
464,465
465,466
466,467
467,468
362,468
359,469
469,470
470,471
471,472
247,472
239,473
473,474
166,474
41,172
40,475
55,475
46,476
476,477
477,478
478,479
479,480
342,480
341,481
481,482
482,483
483,484
484,485
485,486
486,487
487,488
488,489
371,489
378,490
490,491
491,492
492,493
493,494
494,495
462,495
496,497
497,498
498,499
177,499
179,500
500,501
496,501
502,503
503,504
504,505
505,506
506,507
507,508
502,508
509,510
510,511
511,512
184,512
183,513
509,513
127,514
197,514
515,516
516,517
517,518
518,519
213,519
213,520
515,520
235,521
246,522
522,523
521,523
522,524
472,524
287,525
525,526
281,526
527,528
528,529
527,529
530,531
531,532
532,533
533,534
530,534
323,535
323,536
536,537
537,538
535,538
539,540
540,541
541,542
542,543
543,544
539,544
318,545
535,546
545,546
334,547
547,548
548,549
335,549
550,551
551,552
328,552
330,553
553,554
554,555
550,555
556,557
557,558
558,559
489,559
488,560
560,561
561,562
332,562
331,563
563,564
564,565
565,566
556,566
557,567
371,567
568,569
569,570
570,571
571,572
359,572
362,573
568,573
365,574
574,575
366,575
448,576
447,577
577,578
578,579
579,580
563,580
344,540
539,581
581,582
582,583
576,583
494,584
584,585
585,586
586,587
495,587
588,589
589,590
590,591
591,592
464,592
462,588
593,594
594,595
595,596
596,597
593,597
17,22
19,598
23,598
599,600
600,601
601,602
599,602
603,604
604,605
605,606
606,607
607,608
460,608
451,603
500,609
609,610
496,610
497,611
611,612
498,612
189,192
613,614
505,614
504,615
615,616
616,617
617,618
618,619
619,620
613,620
512,613
620,621
185,621
514,622
198,622
113,623
623,624
622,624
625,626
626,627
206,627
205,628
628,629
629,630
630,631
631,632
632,633
633,634
634,635
625,635
636,637
219,637
516,638
638,639
639,640
640,641
641,642
642,643
643,644
644,645
645,646
646,647
647,648
209,648
171,208
169,649
649,650
650,651
651,652
652,653
653,654
654,655
655,656
656,657
531,657
530,658
658,659
659,660
660,661
661,662
325,662
324,663
663,664
664,665
348,665
347,666
574,666
365,667
636,667
211,520
668,669
669,670
670,671
671,672
672,673
673,674
674,675
675,676
225,676
224,668
677,678
678,679
167,679
166,677
474,680
677,680
681,682
524,682
472,683
683,684
684,685
681,685
290,686
686,687
687,688
688,689
689,690
690,691
291,691
692,693
521,693
682,694
692,694
295,695
289,696
696,697
697,698
698,699
699,700
700,701
695,701
339,481
536,702
702,703
703,704
704,705
705,706
706,707
707,708
537,708
660,709
658,710
710,711
709,711
337,712
712,713
338,713
322,714
702,714
310,344
344,715
715,716
306,716
308,313
717,718
547,718
333,717
712,719
719,720
720,721
721,722
549,722
487,717
483,713
333,561
723,724
550,724
555,725
725,726
723,726
727,728
728,729
729,730
730,731
731,732
732,733
733,734
734,735
556,735
579,736
736,737
737,738
738,739
739,740
740,741
727,741
364,385
367,742
742,743
743,744
744,745
745,746
386,746
747,748
748,749
749,750
750,751
751,752
752,753
753,754
754,755
569,755
369,568
368,756
747,756
757,758
758,759
759,760
760,761
577,761
445,757
591,762
762,763
763,764
764,765
465,765
3,766
4,766
9,12
8,13
24,767
20,27
7,18
60,767
32,600
30,599
30,43
35,453
768,769
769,770
245,770
244,771
771,772
772,773
773,774
774,775
775,776
776,777
256,777
255,476
163,768
670,778
778,779
779,780
780,781
781,782
782,783
783,784
784,785
785,786
786,787
787,788
788,789
789,790
222,790
637,791
791,792
792,793
793,794
225,794
243,795
795,796
796,797
797,798
771,798
254,799
476,799
775,800
774,801
800,801
802,803
769,803
768,804
802,804
276,280
777,805
776,806
806,807
807,808
805,808
809,810
810,811
811,812
809,812
813,814
814,815
681,815
685,816
813,816
293,817
817,818
818,819
819,820
820,821
701,821
701,822
822,823
823,824
824,825
825,826
826,827
697,827
298,828
297,829
829,830
830,831
831,832
828,832
705,833
833,834
814,834
705,813
816,835
706,835
336,720
836,837
663,837
327,838
836,838
732,839
372,839
373,840
840,841
841,842
380,842
764,843
843,844
844,845
466,845
763,846
846,847
747,847
370,843
381,848
761,848
759,849
491,849
850,851
851,852
439,852
440,853
853,854
850,854
855,856
854,856
386,751
847,857
435,857
434,858
858,859
855,859
457,860
860,861
861,862
862,863
863,864
864,865
865,866
767,866
499,615
498,867
867,868
868,869
869,870
616,870
618,870
189,871
871,872
192,872
794,873
873,874
874,875
233,875
593,876
876,877
877,878
878,879
636,879
597,852
473,880
880,881
881,882
237,882
237,649
679,883
883,884
884,885
474,885
242,249
250,770
262,265
886,887
258,887
266,886
828,888
888,889
889,890
890,891
891,892
892,893
893,894
894,895
895,896
896,897
897,898
898,899
299,899
829,900
296,901
901,902
902,903
903,904
904,905
905,906
900,906
294,480
257,805
800,806
801,907
907,908
798,908
248,803
802,810
809,909
909,910
528,910
317,527
316,543
314,541
307,911
525,911
284,912
912,913
913,914
832,914
691,831
836,915
915,916
916,917
664,917
554,918
553,919
918,919
351,723
726,918
352,918
727,841
762,920
436,920
585,757
444,586
921,922
922,923
923,924
924,925
925,926
926,927
927,928
928,929
389,929
590,930
930,931
931,932
921,932
856,933
850,933
1,934
766,934
21,26
866,935
25,935
452,862
610,611
509,936
614,936
626,937
625,938
938,939
199,939
623,940
195,940
502,872
508,936
186,937
207,937
515,643
786,941
223,941
942,943
669,943
668,944
942,944
772,908
773,907
804,811
650,653
480,945
292,945
830,945
654,946
946,947
947,948
657,948
534,949
710,949
714,950
704,950
900,951
951,952
283,952
315,583
329,953
545,953
919,953
728,954
954,955
955,956
956,957
840,957
362,958
845,958
359,959
959,960
960,961
961,962
962,963
963,964
964,965
570,965
575,966
966,967
350,967
349,916
838,915
326,968
709,968
532,948
271,947
268,654
692,969
969,970
970,971
971,972
972,973
973,974
950,974
858,921
588,859
605,975
607,975
28,607
38,602
867,976
869,976
871,977
977,978
872,978
178,188
503,979
978,979
61,187
612,976
609,980
621,980
941,942
874,981
875,981
876,981
982,983
983,984
984,985
887,985
886,986
986,987
982,987
988,989
818,989
698,990
990,991
991,992
992,993
988,993
910,994
909,995
994,995
529,994
834,996
973,996
906,997
997,998
998,999
999,1000
1000,1001
1001,1002
1002,1003
1003,1004
1004,1005
1005,1006
1006,1007
1007,1008
952,1008
913,1009
1009,1010
283,1010
833,974
661,968
666,966
578,842
758,1011
492,1011
443,587
865,1012
935,1012
863,1012
104,940
210,644
1013,1014
982,1014
986,1013
277,1015
1015,1016
1016,1017
1014,1017
279,1013
812,995
1003,1018
1018,1019
1019,1020
1020,1021
1021,1022
1022,1023
1023,1024
1024,1025
1025,1026
1026,1027
1027,1028
1010,1028
381,1029
761,1029
449,576
851,855
