x,y
-81.472755432128906,36.234355926513672
-81.540840148925781,36.272506713867188
-81.561981201171875,36.273593902587891
-81.633064270019531,36.340686798095703
-81.741073608398438,36.391784667968750
-81.698280334472656,36.471778869628906
-81.702796936035156,36.519340515136719
-81.669998168945312,36.589649200439453
-81.345298767089844,36.572864532470703
-81.347541809082031,36.537914276123047
-81.324775695800781,36.513679504394531
-81.313323974609375,36.480697631835938
-81.266235351562500,36.437206268310547
-81.262840270996094,36.405040740966797
-81.240692138671875,36.379417419433594
-81.239891052246094,36.365364074707031
-81.264244079589844,36.352413177490234
-81.328994750976562,36.363502502441406
-81.361373901367188,36.353160858154297
-81.365692138671875,36.339050292968750
-81.354133605957031,36.299716949462891
-81.367454528808594,36.278697967529297
-81.406387329101562,36.285053253173828
-81.412330627441406,36.267292022705078
-81.431037902832031,36.260719299316406
-81.452888488769531,36.239585876464844
-80.903442382812500,36.565212249755859
-80.933547973632812,36.498313903808594
-80.965774536132812,36.467220306396484
-80.949668884277344,36.414733886718750
-80.956390380859375,36.403797149658203
-80.977951049804688,36.391376495361328
-80.982841491699219,36.371833801269531
-81.002777099609375,36.366680145263672
-81.024642944335938,36.377834320068359
-81.042800903320312,36.410335540771484
-81.084251403808594,36.429920196533203
-81.098564147949219,36.431152343750000
-81.113311767578125,36.422851562500000
-81.129379272460938,36.426330566406250
-81.138397216796875,36.417625427246094
-81.153366088867188,36.424739837646484
-81.176673889160156,36.415443420410156
-80.456344604492188,36.242557525634766
-80.476387023925781,36.254726409912109
-80.536880493164062,36.256736755371094
-80.545013427734375,36.276657104492188
-80.554153442382812,36.278430938720703
-80.590599060058594,36.268276214599609
-80.624313354492188,36.273097991943359
-80.667442321777344,36.246101379394531
-80.696655273437500,36.259090423583984
-80.724037170410156,36.258472442626953
-80.734367370605469,36.264759063720703
-80.752563476562500,36.258296966552734
-80.766296386718750,36.261837005615234
-80.782699584960938,36.248577117919922
-80.874382019042969,36.233882904052734
-80.870864868164062,36.324623107910156
-80.888923645019531,36.354427337646484
-80.924568176269531,36.372753143310547
-80.838157653808594,36.563438415527344
-80.611053466796875,36.557296752929688
-80.435310363769531,36.551044464111328
-80.453010559082031,36.257087707519531
-76.008972167968750,36.319595336914062
-76.017349243164062,36.337730407714844
-76.032875061035156,36.335975646972656
-76.043952941894531,36.353591918945312
-76.095085144042969,36.348915100097656
-76.160926818847656,36.391899108886719
-76.158149719238281,36.412689208984375
-76.168289184570312,36.427085876464844
-76.330253601074219,36.556056976318359
-76.127395629882812,36.557163238525391
-76.045959472656250,36.556953430175781
-76.033210754394531,36.514373779296875
-76.091064453125000,36.503566741943359
-75.976074218750000,36.436214447021484
-75.969764709472656,36.415119171142578
-76.001609802246094,36.418914794921875
-75.951255798339844,36.365470886230469
-75.928123474121094,36.423244476318359
-75.924591064453125,36.350948333740234
-75.800056457519531,36.112815856933594
-75.798851013183594,36.072818756103516
-75.855163574218750,36.105667114257812
-75.913764953613281,36.244800567626953
-75.957511901855469,36.259452819824219
-75.941932678222656,36.294338226318359
-76.027168273925781,36.556716918945312
-75.998664855957031,36.556652069091797
-75.911918640136719,36.542530059814453
-75.924804687500000,36.473976135253906
-75.977279663085938,36.478015899658203
-75.976287841796875,36.517925262451172
-75.901985168457031,36.556198120117188
-75.878166198730469,36.555873870849609
-75.773155212402344,36.229255676269531
-75.783172607421875,36.225193023681641
-77.217666625976562,36.240982055664062
-77.234611511230469,36.214599609375000
-77.298614501953125,36.211528778076172
-77.293510437011719,36.162860870361328
-77.309478759765625,36.162765502929688
-77.334991455078125,36.182849884033203
-77.389030456542969,36.203102111816406
-77.378623962402344,36.240085601806641
-77.413467407226562,36.255817413330078
-77.418853759765625,36.281795501708984
-77.454116821289062,36.319755554199219
-77.538078308105469,36.302459716796875
-77.557434082031250,36.304214477539062
-77.571952819824219,36.314495086669922
-77.580078125000000,36.328269958496094
-77.559684753417969,36.375946044921875
-77.560417175292969,36.406356811523438
-77.635971069335938,36.440536499023438
-77.650993347167969,36.472587585449219
-77.698875427246094,36.478958129882812
-77.749404907226562,36.473571777343750
-77.901206970214844,36.509887695312500
-77.898857116699219,36.552944183349609
-77.763931274414062,36.553440093994141
-77.320053100585938,36.553916931152344
-77.177352905273438,36.556285858154297
-77.154418945312500,36.526252746582031
-77.092132568359375,36.507518768310547
-77.075309753417969,36.483516693115234
-77.083274841308594,36.470096588134766
-77.127326965332031,36.470710754394531
-77.139320373535156,36.456478118896484
-77.141960144042969,36.417064666748047
-76.745063781738281,36.233917236328125
-76.980690002441406,36.230236053466797
-76.994750976562500,36.235580444335938
-77.130073547363281,36.233463287353516
-76.924133300781250,36.554145812988281
-76.908424377441406,36.504283905029297
-76.945770263671875,36.458961486816406
-76.953674316406250,36.419231414794922
-76.943511962890625,36.401729583740234
-76.924079895019531,36.392444610595703
-76.741348266601562,36.315166473388672
-76.707496643066406,36.266132354736328
-75.957183837890625,36.193771362304688
-75.981338500976562,36.169727325439453
-76.183166503906250,36.315238952636719
-76.193481445312500,36.324851989746094
-76.216194152832031,36.327846527099609
-76.238533020019531,36.361228942871094
-76.261283874511719,36.363758087158203
-76.274131774902344,36.381408691406250
-76.303359985351562,36.391845703125000
-76.321365356445312,36.409645080566406
-76.405967712402344,36.447158813476562
-76.498344421386719,36.503902435302734
-76.563583374023438,36.555252075195312
-76.497558593750000,36.555812835693359
-76.562507629394531,36.340568542480469
-76.604240417480469,36.314983367919922
-76.648216247558594,36.315315246582031
-76.688735961914062,36.294517517089844
-76.776641845703125,36.358329772949219
-76.921630859375000,36.554157257080078
-76.502464294433594,36.452285766601562
-76.460350036621094,36.373897552490234
-78.308761596679688,36.260040283203125
-78.282928466796875,36.291881561279297
-78.321250915527344,36.545532226562500
-78.051666259765625,36.552474975585938
-77.916923522949219,36.500637054443359
-77.930137634277344,36.352985382080078
-77.952087402343750,36.281230926513672
-78.006286621093750,36.195945739746094
-78.058349609375000,36.211322784423828
-78.109626770019531,36.213508605957031
-78.134719848632812,36.236583709716797
-80.025672912597656,36.250232696533203
-80.048095703125000,36.547134399414062
-80.024055480957031,36.545024871826172
-79.530509948730469,36.246135711669922
-79.510299682617188,36.547657012939453
-79.217063903808594,36.549781799316406
-79.144325256347656,36.546058654785156
-79.159271240234375,36.233669281005859
-79.258499145507812,36.235687255859375
-79.530578613281250,36.236156463623047
-79.717445373535156,36.547889709472656
-78.749122619628906,36.063591003417969
-78.788414001464844,36.062183380126953
-78.804054260253906,36.080940246582031
-78.810356140136719,36.114574432373047
-78.806800842285156,36.231575012207031
-78.796699523925781,36.543533325195312
-78.737388610839844,36.546073913574219
-78.458808898925781,36.541481018066406
-78.463752746582031,36.523857116699219
-78.502502441406250,36.504390716552734
-78.517089843750000,36.461483001708984
-78.514717102050781,36.175224304199219
-78.492523193359375,36.173587799072266
-78.545852661132812,36.068088531494141
-78.548027038574219,36.014125823974609
-78.695571899414062,36.066646575927734
-78.951080322265625,36.233837127685547
-78.346046447753906,36.225181579589844
-78.380851745605469,36.224750518798828
-78.416954040527344,36.162174224853516
-77.332206726074219,36.067981719970703
-77.405311584472656,35.994716644287109
-77.425743103027344,35.996063232421875
-77.438217163085938,36.014034271240234
-77.463973999023438,36.026382446289062
-77.525131225585938,36.035385131835938
-77.535858154296875,36.055572509765625
-77.536689758300781,36.082363128662109
-77.547882080078125,36.088493347167969
-77.606254577636719,36.097393035888672
-77.642356872558594,36.126701354980469
-77.685623168945312,36.146602630615234
-77.700508117675781,36.144168853759766
-77.720184326171875,36.134113311767578
-77.747169494628906,36.146423339843750
-77.801368713378906,36.144256591796875
-77.811302185058594,36.135818481445312
-77.886840820312500,36.144439697265625
-77.917839050292969,36.156780242919922
-77.922401428222656,36.177730560302734
-77.939231872558594,36.187549591064453
-77.955863952636719,36.183750152587891
-77.973396301269531,36.189041137695312
-77.985115051269531,36.177444458007812
-77.270408630371094,36.155525207519531
-77.255912780761719,36.130687713623047
-77.257499694824219,36.118473052978516
-77.241035461425781,36.101303100585938
-77.309875488281250,36.087444305419922
-76.298927307128906,36.214229583740234
-76.324234008789062,36.233623504638672
-76.372421264648438,36.252346038818359
-76.218902587890625,36.296607971191406
-76.112709045410156,36.174419403076172
-76.141937255859375,36.147689819335938
-76.234977722167969,36.163360595703125
-81.020568847656250,36.034934997558594
-81.084083557128906,36.020767211914062
-81.124061584472656,36.031284332275391
-81.157463073730469,36.020980834960938
-81.236007690429688,36.023822784423828
-81.321868896484375,35.989326477050781
-81.347351074218750,36.015357971191406
-81.388710021972656,36.037567138671875
-81.398147583007812,36.056056976318359
-81.429634094238281,36.065662384033203
-81.454437255859375,36.083057403564453
-81.517311096191406,36.095432281494141
-81.546104431152344,36.111392974853516
-81.499320983886719,36.136035919189453
-81.450805664062500,36.190620422363281
-80.877410888671875,36.052406311035156
-80.988952636718750,36.053348541259766
-81.806221008300781,36.104560852050781
-81.817153930664062,36.109386444091797
-81.822311401367188,36.157855987548828
-81.850242614746094,36.181472778320312
-81.885192871093750,36.188636779785156
-81.898567199707031,36.198856353759766
-81.906562805175781,36.221866607666016
-81.893997192382812,36.266983032226562
-81.911155700683594,36.290752410888672
-81.830574035644531,36.334655761718750
-81.730491638183594,36.329341888427734
-81.709457397460938,36.333724975585938
-81.740379333496094,36.361858367919922
-81.659004211425781,36.117591857910156
-76.480529785156250,36.079792022705078
-76.536956787109375,36.087924957275391
-76.575599670410156,36.102657318115234
-76.594490051269531,36.239818572998047
-76.571083068847656,36.277729034423828
-76.275505065917969,36.110370635986328
-76.420425415039062,36.058605194091797
-76.523010253906250,36.007167816162109
-76.594001770019531,36.010131835937500
-76.649017333984375,36.065708160400391
-76.633209228515625,36.037117004394531
-76.690155029296875,36.049610137939453
-76.726509094238281,36.156822204589844
-81.941345214843750,35.954975128173828
-81.961395263671875,35.939220428466797
-81.944953918457031,35.918613433837891
-81.947021484375000,35.910411834716797
-81.988365173339844,35.905643463134766
-82.005065917968750,35.914440155029297
-82.049102783203125,35.967235565185547
-82.042724609375000,36.005008697509766
-82.062324523925781,36.035526275634766
-82.077758789062500,36.100139617919922
-82.020454406738281,36.129711151123047
-81.933113098144531,36.263320922851562
-81.732269287109375,36.058475494384766
-81.802787780761719,35.960330963134766
-81.859870910644531,35.970340728759766
-81.880813598632812,35.989524841308594
-81.900848388671875,35.994651794433594
-81.922149658203125,35.982513427734375
-80.495544433593750,36.043266296386719
-80.689575195312500,36.045478820800781
-80.440811157226562,36.219486236572266
-80.444808959960938,36.123306274414062
-80.491981506347656,36.107696533203125
-80.504989624023438,36.094940185546875
-80.508247375488281,36.070884704589844
-78.254547119140625,35.815525054931641
-78.266845703125000,35.848377227783203
-78.308410644531250,35.893447875976562
-78.329544067382812,35.887847900390625
-78.360115051269531,35.918674468994141
-78.394477844238281,35.932300567626953
-78.431144714355469,35.972717285156250
-78.130912780761719,36.021469116210938
-80.038101196289062,36.006183624267578
-80.121147155761719,36.021553039550781
-80.209877014160156,36.021427154541016
-80.212066650390625,35.990123748779297
-80.334304809570312,35.992565155029297
-80.330284118652344,35.981235504150391
-80.380241394042969,35.967929840087891
-80.411590576171875,35.984611511230469
-80.417976379394531,36.008632659912109
-80.449951171875000,36.029838562011719
-80.464866638183594,36.050193786621094
-80.484130859375000,36.038322448730469
-79.537818908691406,35.890968322753906
-80.042602539062500,35.916812896728516
-79.246192932128906,35.868152618408203
-79.237991333007812,35.837245941162109
-79.540985107421875,35.836990356445312
-79.259773254394531,36.047893524169922
-79.270820617675781,35.904602050781250
-76.783065795898438,35.859233856201172
-76.810531616210938,35.881309509277344
-76.834838867187500,35.884227752685547
-76.856727600097656,35.835781097412109
-76.878486633300781,35.817291259765625
-76.898483276367188,35.814182281494141
-76.904808044433594,35.867912292480469
-76.936096191406250,35.894599914550781
-76.990730285644531,35.877838134765625
-77.004425048828125,35.861839294433594
-77.048316955566406,35.857490539550781
-77.034179687500000,35.914333343505859
-77.040885925292969,35.931751251220703
-77.066299438476562,35.936008453369141
-77.090011596679688,35.925243377685547
-77.188674926757812,35.931247711181641
-77.195892333984375,35.935955047607422
-77.193397521972656,35.988094329833984
-77.215538024902344,35.989067077636719
-77.213806152343750,36.005363464355469
-77.276718139648438,36.027698516845703
-77.315254211425781,36.048084259033203
-76.760673522949219,36.144592285156250
-76.693763732910156,35.992969512939453
-76.741127014160156,35.936626434326172
-76.697219848632812,35.941543579101562
-76.708320617675781,35.919834136962891
-76.728599548339844,35.910858154296875
-76.741722106933594,35.883075714111328
-76.761260986328125,35.864543914794922
-79.018135070800781,35.857864379882812
-79.095367431640625,35.853942871093750
-78.753395080566406,36.011463165283203
-78.728103637695312,36.027072906494141
-78.716171264648438,36.026493072509766
-78.704154968261719,35.997325897216797
-78.707344055175781,35.976943969726562
-78.734199523925781,35.934585571289062
-78.763504028320312,35.914474487304688
-78.808296203613281,35.919925689697266
-78.827957153320312,35.860229492187500
-78.905715942382812,35.860515594482422
-78.186927795410156,35.725112915039062
-78.205619812011719,35.725395202636719
-78.211547851562500,35.738193511962891
-78.234046936035156,35.745792388916016
-77.830146789550781,35.854496002197266
-77.844924926757812,35.835575103759766
-77.873046875000000,35.844707489013672
-82.118850708007812,35.818531036376953
-82.146652221679688,35.818481445312500
-82.141014099121094,35.900272369384766
-82.149566650390625,35.921447753906250
-82.184608459472656,35.934875488281250
-82.195770263671875,35.947376251220703
-82.199050903320312,36.001770019531250
-82.232101440429688,36.003875732421875
-82.240615844726562,35.984203338623047
-82.258857727050781,35.985675811767578
-82.301696777343750,36.029327392578125
-82.309692382812500,36.011474609375000
-82.329681396484375,36.014263153076172
-82.340263366699219,36.025398254394531
-82.344497680664062,36.070240020751953
-82.385177612304688,36.078506469726562
-82.408424377441406,36.075317382812500
-82.373855590820312,36.098697662353516
-82.311927795410156,36.122150421142578
-82.262306213378906,36.120376586914062
-82.207733154296875,36.147014617919922
-82.154052734375000,36.139621734619141
-82.118080139160156,36.096256256103516
-81.983345031738281,35.887577056884766
-81.990898132324219,35.872474670410156
-82.034683227539062,35.853580474853516
-82.097991943359375,35.843856811523438
-77.671218872070312,35.670265197753906
-77.733146667480469,35.739547729492188
-77.757492065429688,35.798103332519531
-77.755004882812500,35.824836730957031
-77.767135620117188,35.836864471435547
-77.342369079589844,35.908004760742188
-77.358100891113281,35.815311431884766
-77.396804809570312,35.828418731689453
-77.405693054199219,35.817264556884766
-77.418579101562500,35.822086334228516
-77.426994323730469,35.808197021484375
-77.454711914062500,35.793815612792969
-77.473236083984375,35.799659729003906
-77.505516052246094,35.766754150390625
-81.328132629394531,35.795059204101562
-81.376655578613281,35.750034332275391
-81.417572021484375,35.755905151367188
-81.457145690917969,35.779933929443359
-81.560256958007812,35.775447845458984
-81.593368530273438,35.813125610351562
-81.701828002929688,35.868797302246094
-81.748443603515625,35.920757293701172
-81.773475646972656,35.922203063964844
-81.775688171386719,35.943946838378906
-81.329261779785156,35.989246368408203
-81.339569091796875,35.929241180419922
-81.330680847167969,35.875801086425781
-81.337211608886719,35.827629089355469
-82.279205322265625,35.697555541992188
-82.281578063964844,35.720203399658203
-82.321846008300781,35.739849090576172
-82.341850280761719,35.763507843017578
-82.345397949218750,35.805194854736328
-82.375251770019531,35.816402435302734
-82.405815124511719,35.813972473144531
-82.441482543945312,35.882228851318359
-82.487091064453125,35.904884338378906
-82.483947753906250,35.947608947753906
-82.506935119628906,35.972541809082031
-82.475196838378906,35.993175506591797
-82.154594421386719,35.798370361328125
-82.164291381835938,35.760524749755859
-82.211784362792969,35.716987609863281
-77.178459167480469,35.732192993164062
-77.207664489746094,35.755126953125000
-77.260818481445312,35.759090423583984
-77.264503479003906,35.782779693603516
-76.806678771972656,35.810840606689453
-76.805274963378906,35.790374755859375
-76.825958251953125,35.756881713867188
-76.838310241699219,35.705455780029297
-76.979911804199219,35.650127410888672
-77.161285400390625,35.736778259277344
-78.921073913574219,35.578857421875000
-78.998809814453125,35.601322174072266
-78.938888549804688,35.761444091796875
-78.944435119628906,35.770114898681641
-78.477638244628906,35.695613861083984
-78.703216552734375,35.519939422607422
-82.895973205566406,35.948360443115234
-82.856269836425781,35.947425842285156
-82.808670043945312,35.920871734619141
-82.776443481445312,35.956573486328125
-82.773597717285156,35.987503051757812
-82.763229370117188,35.999546051025391
-82.643890380859375,36.051723480224609
-82.628044128417969,36.054340362548828
-82.604400634765625,36.042987823486328
-82.592231750488281,36.022449493408203
-82.605804443359375,36.003547668457031
-82.599304199218750,35.963298797607422
-82.554145812988281,35.956108093261719
-82.500549316406250,35.796127319335938
-82.766304016113281,35.694000244140625
-82.805625915527344,35.684906005859375
-82.843269348144531,35.691726684570312
-82.881111145019531,35.673561096191406
-82.907539367675781,35.727848052978516
-82.952186584472656,35.738998413085938
-82.943046569824219,35.766464233398438
-82.962753295898438,35.791851043701172
-82.906822204589844,35.872215270996094
-82.914070129394531,35.927867889404297
-80.726516723632812,35.507568359375000
-80.776229858398438,35.506809234619141
-80.955345153808594,35.509120941162109
-80.951072692871094,35.528667449951172
-80.961433410644531,35.543563842773438
-80.931274414062500,35.619590759277344
-81.003578186035156,35.697055816650391
-81.054779052734375,35.713401794433594
-81.072204589843750,35.743648529052734
-81.108886718750000,35.771900177001953
-81.049102783203125,35.835968017578125
-80.995346069335938,35.977077484130859
-80.705970764160156,35.851657867431641
-80.766120910644531,35.682037353515625
-80.456771850585938,35.745796203613281
-80.488693237304688,35.775615692138672
-80.526725769042969,35.781806945800781
-80.572326660156250,35.813812255859375
-80.607559204101562,35.822257995605469
-80.634941101074219,35.840259552001953
-80.363067626953125,35.942123413085938
-80.361709594726562,35.895851135253906
-80.405937194824219,35.884368896484375
-80.386505126953125,35.858570098876953
-80.386436462402344,35.845413208007812
-80.395484924316406,35.839485168457031
-80.414802551269531,35.844863891601562
-80.426071166992188,35.830307006835938
-80.446502685546875,35.830684661865234
-80.457794189453125,35.822475433349609
-80.479423522949219,35.833278656005859
-80.472885131835938,35.786117553710938
-80.450645446777344,35.764877319335938
-81.127281188964844,35.788967132568359
-81.141403198242188,35.823318481445312
-80.064407348632812,35.505699157714844
-80.181907653808594,35.505119323730469
-80.209213256835938,35.574512481689453
-80.251220703125000,35.624801635742188
-80.285781860351562,35.636974334716797
-80.325592041015625,35.683155059814453
-80.326286315917969,35.714012145996094
-80.377258300781250,35.710685729980469
-81.816284179687500,35.574378967285156
-81.865623474121094,35.718852996826172
-81.985595703125000,35.799953460693359
-81.975296020507812,35.818279266357422
-81.932983398437500,35.827598571777344
-81.906257629394531,35.847995758056641
-81.906227111816406,35.892013549804688
-81.405723571777344,35.697509765625000
-81.495697021484375,35.606548309326172
-81.523643493652344,35.561260223388672
-81.562538146972656,35.555309295654297
-81.588111877441406,35.561775207519531
-81.643905639648438,35.553298950195312
-81.684318542480469,35.565437316894531
-81.695198059082031,35.571636199951172
-81.700820922851562,35.595611572265625
-81.749610900878906,35.601711273193359
-81.765609741210938,35.584224700927734
-76.408432006835938,35.699115753173828
-76.633819580078125,35.703002929687500
-76.409469604492188,35.977466583251953
-76.371482849121094,35.932342529296875
-76.383560180664062,35.900413513183594
-76.358192443847656,35.860591888427734
-76.408699035644531,35.789482116699219
-76.167304992675781,35.696842193603516
-76.210235595703125,35.604389190673828
-76.232795715332031,35.594665527343750
-76.297630310058594,35.611694335937500
-76.273445129394531,35.689498901367188
-76.213768005371094,35.976875305175781
-76.089637756347656,35.962913513183594
-76.026046752929688,35.920425415039062
-76.075912475585938,35.756801605224609
-76.043067932128906,35.683849334716797
-81.831893920898438,35.565063476562500
-81.840270996093750,35.537242889404297
-81.862152099609375,35.530548095703125
-81.967048645019531,35.521587371826172
-82.001602172851562,35.545974731445312
-82.036186218261719,35.528587341308594
-82.116752624511719,35.519004821777344
-82.170707702636719,35.528465270996094
-82.268005371093750,35.568859100341797
-82.290672302246094,35.589302062988281
-82.265342712402344,35.612487792968750
-82.284240722656250,35.638904571533203
-82.289184570312500,35.671489715576172
-79.764991760253906,35.505935668945312
-79.555358886718750,35.513050079345703
-78.974487304687500,35.517154693603516
-79.038497924804688,35.549461364746094
-79.067291259765625,35.598705291748047
-79.132606506347656,35.624614715576172
-79.194244384765625,35.575130462646484
-79.209732055664062,35.553451538085938
-79.220504760742188,35.550800323486328
-79.227134704589844,35.565364837646484
-79.276092529296875,35.530277252197266
-79.286132812500000,35.544406890869141
-79.305366516113281,35.542705535888672
-79.315010070800781,35.539131164550781
-79.312858581542969,35.526866912841797
-79.331550598144531,35.521980285644531
-79.342948913574219,35.510242462158203
-78.065330505371094,35.582038879394531
-78.124900817871094,35.597518920898438
-78.162445068359375,35.682983398437500
-78.161804199218750,35.709293365478516
-77.698326110839844,35.653999328613281
-77.826293945312500,35.574256896972656
-77.827178955078125,35.582901000976562
-78.002136230468750,35.575996398925781
-78.060485839843750,35.594669342041016
-80.298240661621094,35.494899749755859
-77.473884582519531,35.421527862548828
-77.504562377929688,35.484832763671875
-77.503936767578125,35.503890991210938
-77.521049499511719,35.516506195068359
-77.523429870605469,35.530178070068359
-77.549575805664062,35.525726318359375
-77.564643859863281,35.531940460205078
-77.634132385253906,35.587825775146484
-77.177421569824219,35.714462280273438
-77.192237854003906,35.712093353271484
-77.195518493652344,35.699913024902344
-77.175437927246094,35.676284790039062
-77.187210083007812,35.664306640625000
-77.174682617187500,35.635410308837891
-77.152053833007812,35.619884490966797
-77.148345947265625,35.598003387451172
-77.119392395019531,35.585498809814453
-77.103767395019531,35.550186157226562
-77.147399902343750,35.547588348388672
-77.172210693359375,35.519123077392578
-77.194961547851562,35.422954559326172
-77.211204528808594,35.395641326904297
-77.240547180175781,35.379985809326172
-77.244300842285156,35.354190826416016
-77.264190673828125,35.350112915039062
-77.293800354003906,35.373950958251953
-77.354217529296875,35.323554992675781
-77.386161804199219,35.329261779785156
-77.401489257812500,35.342769622802734
-77.443946838378906,35.354595184326172
-82.258102416992188,35.463729858398438
-82.322875976562500,35.495159149169922
-82.370964050292969,35.478771209716797
-82.364837646484375,35.463459014892578
-82.373687744140625,35.457378387451172
-82.409065246582031,35.468921661376953
-82.474922180175781,35.444404602050781
-82.519515991210938,35.443916320800781
-82.526901245117188,35.428321838378906
-82.551132202148438,35.426895141601562
-82.563934326171875,35.438423156738281
-82.618682861328125,35.437675476074219
-82.668983459472656,35.455165863037109
-82.714157104492188,35.439151763916016
-82.743888854980469,35.418033599853516
-82.780883789062500,35.441688537597656
-82.794723510742188,35.464969635009766
-82.770629882812500,35.532733917236328
-82.772033691406250,35.571292877197266
-82.813339233398438,35.617534637451172
-82.823104858398438,35.621387481689453
-82.844863891601562,35.613147735595703
-82.865524291992188,35.635803222656250
-82.222908020019531,35.515693664550781
-82.227600097656250,35.482921600341797
-82.240158081054688,35.468154907226562
-78.538742065429688,35.315116882324219
-78.539466857910156,35.336463928222656
-78.600822448730469,35.403030395507812
-78.623176574707031,35.446414947509766
-78.688743591308594,35.507526397705078
-78.708969116210938,35.514102935791016
-78.145973205566406,35.428993225097656
-78.156890869140625,35.350631713867188
-78.177459716796875,35.339599609375000
-78.209037780761719,35.339176177978516
-78.237228393554688,35.314632415771484
-78.268165588378906,35.317359924316406
-78.310127258300781,35.280284881591797
-78.416679382324219,35.249076843261719
-78.493621826171875,35.259620666503906
-82.833236694335938,35.315570831298828
-82.919113159179688,35.290767669677734
-82.953620910644531,35.308528900146484
-82.985359191894531,35.356323242187500
-83.038597106933594,35.389930725097656
-83.046043395996094,35.406993865966797
-83.087715148925781,35.446327209472656
-83.128234863281250,35.456615447998047
-83.142372131347656,35.484394073486328
-83.181396484375000,35.512409210205078
-83.157020568847656,35.551662445068359
-83.180374145507812,35.582820892333984
-83.178100585937500,35.623291015625000
-83.195129394531250,35.637817382812500
-83.184295654296875,35.663078308105469
-83.215255737304688,35.685398101806641
-83.259124755859375,35.691009521484375
-83.253303527832031,35.700706481933594
-83.243850708007812,35.718215942382812
-83.185348510742188,35.728885650634766
-83.143661499023438,35.762683868408203
-83.118186950683594,35.763809204101562
-83.059959411621094,35.782577514648438
-82.987007141113281,35.773990631103516
-75.544967651367188,35.788360595703125
-75.702735900878906,36.049861907958984
-75.740867614746094,36.050323486328125
-75.891494750976562,35.631267547607422
-75.908027648925781,35.665637969970703
-76.021209716796875,35.669094085693359
-75.987854003906250,35.892707824707031
-75.818054199218750,35.923519134521484
-75.748962402343750,35.869338989257812
-75.729370117187500,35.665172576904297
-75.779052734375000,35.578685760498047
-75.491218566894531,35.670497894287109
-75.533622741699219,35.768856048583984
-75.456977844238281,35.617397308349609
-75.526298522949219,35.227916717529297
-75.749290466308594,35.189826965332031
-75.691566467285156,35.234989166259766
-75.521484375000000,35.281356811523438
-75.475418090820312,35.564495086669922
-76.608917236328125,35.664154052734375
-76.607948303222656,35.635066986083984
-76.585876464843750,35.609455108642578
-76.539596557617188,35.594036102294922
-76.518943786621094,35.577644348144531
-76.492538452148438,35.541786193847656
-76.638198852539062,35.520336151123047
-76.628768920898438,35.437896728515625
-76.705375671386719,35.411933898925781
-76.614517211914062,35.272918701171875
-76.640213012695312,35.237247467041016
-76.850570678710938,35.217166900634766
-76.897605895996094,35.251571655273438
-76.983184814453125,35.436500549316406
-76.694900512695312,35.350425720214844
-83.331817626953125,35.319343566894531
-83.424682617187500,35.315319061279297
-83.473228454589844,35.291645050048828
-83.679191589355469,35.272220611572266
-83.690086364746094,35.287780761718750
-83.689384460449219,35.308242797851562
-83.634216308593750,35.334033966064453
-83.598884582519531,35.362365722656250
-83.580383300781250,35.401084899902344
-83.586715698242188,35.427688598632812
-83.632324218750000,35.436740875244141
-83.653610229492188,35.421096801757812
-83.744956970214844,35.441402435302734
-83.854988098144531,35.450126647949219
-83.879890441894531,35.462028503417969
-83.930076599121094,35.449016571044922
-83.954704284667969,35.455459594726562
-83.910011291503906,35.476478576660156
-83.881225585937500,35.510585784912109
-83.830200195312500,35.519062042236328
-83.775878906250000,35.552604675292969
-83.672874450683594,35.564971923828125
-83.613861083984375,35.571739196777344
-83.561035156250000,35.555175781250000
-83.505798339843750,35.559551239013672
-83.458290100097656,35.597278594970703
-83.387092590332031,35.625217437744141
-83.343025207519531,35.653259277343750
-83.298416137695312,35.656326293945312
-83.226661682128906,35.513454437255859
-83.247306823730469,35.506988525390625
-83.309860229492188,35.463474273681641
-83.353027343750000,35.455898284912109
-83.364715576171875,35.413330078125000
-83.329811096191406,35.363910675048828
-77.805183410644531,35.364589691162109
-77.804107666015625,35.401798248291016
-77.830581665039062,35.423625946044922
-77.494674682617188,35.407444000244141
-77.534973144531250,35.417823791503906
-77.537178039550781,35.401981353759766
-77.558723449707031,35.381088256835938
-77.621803283691406,35.366485595703125
-77.666053771972656,35.339672088623047
-77.684471130371094,35.345939636230469
-77.698417663574219,35.369819641113281
-77.760696411132812,35.361938476562500
-79.182441711425781,35.304538726806641
-79.264320373535156,35.344570159912109
-79.284729003906250,35.392807006835938
-79.303199768066406,35.408805847167969
-79.324584960937500,35.414829254150391
-79.331092834472656,35.444820404052734
-79.362487792968750,35.470413208007812
-79.343673706054688,35.491641998291016
-81.971443176269531,35.188282012939453
-81.964515686035156,35.247425079345703
-82.051582336425781,35.323127746582031
-82.084152221679688,35.339355468750000
-82.122169494628906,35.388618469238281
-82.155128479003906,35.397102355957031
-82.258277893066406,35.393356323242188
-82.278724670410156,35.435642242431641
-82.274681091308594,35.451606750488281
-81.697685241699219,35.353263854980469
-81.737167358398438,35.254173278808594
-81.759490966796875,35.220699310302734
-81.765357971191406,35.182472229003906
-81.870590209960938,35.183116912841797
-78.163192749023438,35.182289123535156
-78.165176391601562,35.193218231201172
-78.257400512695312,35.220951080322266
-77.830062866210938,35.342350006103516
-77.836578369140625,35.171741485595703
-77.887672424316406,35.154964447021484
-77.894157409667969,35.144180297851562
-77.913978576660156,35.159973144531250
-77.944694519042969,35.168231964111328
-77.963928222656250,35.164024353027344
-78.002159118652344,35.186477661132812
-78.036506652832031,35.185691833496094
-78.087532043457031,35.170185089111328
-78.612739562988281,35.243831634521484
-78.716064453125000,35.259979248046875
-78.812385559082031,35.258720397949219
-78.874572753906250,35.242534637451172
-78.886016845703125,35.229934692382812
-78.912582397460938,35.222465515136719
-79.095893859863281,35.189964294433594
-79.146835327148438,35.213043212890625
-79.169097900390625,35.235900878906250
-79.216651916503906,35.265277862548828
-78.580413818359375,35.286575317382812
-81.322822570800781,35.163757324218750
-81.362174987792969,35.162853240966797
-81.506958007812500,35.546497344970703
-81.515502929687500,35.521423339843750
-81.445075988769531,35.413368225097656
-81.407417297363281,35.359806060791016
-81.353263854980469,35.327301025390625
-81.364799499511719,35.310371398925781
-81.352348327636719,35.275104522705078
-81.319427490234375,35.260498046875000
-81.311424255371094,35.187950134277344
-80.956771850585938,35.397453308105469
-80.942199707031250,35.451129913330078
-80.953865051269531,35.436058044433594
-83.106285095214844,35.000278472900391
-83.161499023437500,35.059223175048828
-83.145057678222656,35.083286285400391
-83.148200988769531,35.091381072998047
-83.177146911621094,35.111495971679688
-83.193481445312500,35.139217376708984
-83.217933654785156,35.158992767333984
-83.220039367675781,35.222526550292969
-83.232780456542969,35.230808258056641
-83.263938903808594,35.221771240234375
-83.284980773925781,35.226634979248047
-83.310638427734375,35.259986877441406
-82.926856994628906,35.227905273437500
-82.978713989257812,35.185729980468750
-82.990585327148438,35.158176422119141
-82.982078552246094,35.127506256103516
-83.052085876464844,35.063476562500000
-83.043853759765625,35.040069580078125
-83.007278442382812,35.024204254150391
-79.607467651367188,35.159187316894531
-79.648376464843750,35.189731597900391
-79.708236694335938,35.278415679931641
-79.097175598144531,35.176807403564453
-79.122001647949219,35.170185089111328
-79.147277832031250,35.173549652099609
-79.235290527343750,35.203208923339844
-79.350051879882812,35.140796661376953
-79.455360412597656,35.037357330322266
-79.495063781738281,35.062507629394531
-79.552902221679688,35.064105987548828
-79.574195861816406,35.073265075683594
-79.575630187988281,35.119125366210938
-81.049301147460938,35.151531219482422
-81.023963928222656,35.149032592773438
-81.007278442382812,35.163249969482422
-81.001518249511719,35.195987701416016
-81.014053344726562,35.249900817871094
-80.979644775390625,35.333267211914062
-80.926277160644531,35.348674774169922
-80.937759399414062,35.364925384521484
-80.982925415039062,35.369094848632812
-80.775382995605469,35.479572296142578
-80.761688232421875,35.465137481689453
-80.745437622070312,35.419857025146484
-80.762741088867188,35.400680541992188
-80.689987182617188,35.340759277343750
-80.659446716308594,35.264675140380859
-80.539642333984375,35.205818176269531
-80.759681701660156,35.036621093750000
-80.797218322753906,35.028198242187500
-80.840164184570312,35.002017974853516
-80.894714355468750,35.059734344482422
-80.927795410156250,35.101249694824219
-81.039886474609375,35.037200927734375
-81.065551757812500,35.066482543945312
-81.028442382812500,35.105407714843750
-81.049041748046875,35.132011413574219
-80.502944946289062,35.186912536621094
-80.378471374511719,35.384838104248047
-80.481719970703125,35.210609436035156
-80.071411132812500,35.150741577148438
-80.059066772460938,35.177078247070312
-80.065841674804688,35.207942962646484
-80.092346191406250,35.254226684570312
-80.093513488769531,35.291446685791016
-80.050750732421875,35.366371154785156
-80.051887512207031,35.376808166503906
-80.116310119628906,35.464359283447266
-80.162071228027344,35.474742889404297
-79.637298583984375,35.153835296630859
-79.697952270507812,35.173072814941406
-79.759841918945312,35.167312622070312
-79.836318969726562,35.173801422119141
-79.909461975097656,35.155719757080078
-79.975822448730469,35.150756835937500
-80.010681152343750,35.137142181396484
-80.065177917480469,35.136581420898438
-80.110275268554688,35.193836212158203
-80.131614685058594,35.171115875244141
-80.154685974121094,35.176082611083984
-80.159141540527344,35.154739379882812
-80.168128967285156,35.149730682373047
-80.190101623535156,35.167858123779297
-80.219886779785156,35.159183502197266
-80.247589111328125,35.204524993896484
-80.261093139648438,35.204040527343750
-80.275123596191406,35.193111419677734
-80.325675964355469,35.173915863037109
-80.348724365234375,35.170673370361328
-80.372947692871094,35.177864074707031
-80.398750305175781,35.164611816406250
-80.428581237792969,35.168594360351562
-80.453285217285156,35.160785675048828
-80.483230590820312,35.182910919189453
-82.570030212402344,35.149490356445312
-82.589225769042969,35.184947967529297
-82.596237182617188,35.242465972900391
-82.610610961914062,35.267578125000000
-82.608100891113281,35.293064117431641
-82.315559387207031,35.309616088867188
-82.341308593750000,35.285495758056641
-82.345085144042969,35.243190765380859
-82.358032226562500,35.242931365966797
-82.350860595703125,35.192672729492188
-82.360122680664062,35.182949066162109
-82.371376037597656,35.182723999023438
-82.389610290527344,35.208240509033203
-82.437919616699219,35.169559478759766
-82.466743469238281,35.173500061035156
-82.524635314941406,35.154560089111328
-83.695632934570312,35.250808715820312
-83.753562927246094,35.237167358398438
-83.791877746582031,35.248661041259766
-83.836860656738281,35.246749877929688
-83.921653747558594,35.218967437744141
-83.960899353027344,35.215381622314453
-83.992202758789062,35.232501983642578
-84.003890991210938,35.262088775634766
-84.030860900878906,35.292522430419922
-84.029205322265625,35.325290679931641
-84.006309509277344,35.372859954833984
-84.012649536132812,35.407623291015625
-77.413154602050781,35.331218719482422
-77.450210571289062,35.302059173583984
-77.448509216308594,35.285675048828125
-77.429649353027344,35.259838104248047
-77.474098205566406,35.227191925048828
-77.528312683105469,35.239696502685547
-77.510772705078125,35.155769348144531
-77.533058166503906,35.144882202148438
-77.599494934082031,35.070869445800781
-77.731925964355469,35.000835418701172
-77.744789123535156,35.002445220947266
-77.754997253417969,35.018081665039062
-77.751602172851562,35.095676422119141
-77.764137268066406,35.128612518310547
-82.887695312500000,35.055370330810547
-82.654495239257812,35.119457244873047
-82.686050415039062,35.121463775634766
-82.688034057617188,35.097801208496094
-82.697357177734375,35.091232299804688
-82.771347045898438,35.085422515869141
-82.210174560546875,35.193126678466797
-82.278327941894531,35.195007324218750
-82.320770263671875,35.184188842773438
-83.513008117675781,34.992023468017578
-83.527221679687500,35.019737243652344
-83.553237915039062,35.035762786865234
-83.562042236328125,35.055942535400391
-83.643562316894531,35.127498626708984
-83.644874572753906,35.143360137939453
-83.717803955078125,35.138809204101562
-83.739524841308594,35.145839691162109
-83.713081359863281,35.180751800537109
-83.722328186035156,35.197273254394531
-83.696693420410156,35.214435577392578
-78.113769531250000,34.720985412597656
-78.113739013671875,34.699180603027344
-78.156761169433594,34.677154541015625
-78.256805419921875,34.553752899169922
-78.274612426757812,34.581275939941406
-78.305900573730469,34.605358123779297
-78.319885253906250,34.630092620849609
-78.309700012207031,34.635852813720703
-78.322341918945312,34.645572662353516
-78.338867187500000,34.682605743408203
-78.363815307617188,34.692043304443359
-78.386672973632812,34.721889495849609
-78.401000976562500,34.759330749511719
-78.499290466308594,34.855106353759766
-78.541992187500000,34.907871246337891
-78.593475341796875,34.943470001220703
-78.634254455566406,34.984367370605469
-78.666412353515625,35.071468353271484
-78.658157348632812,35.093620300292969
-78.645637512207031,35.102558135986328
-78.633483886718750,35.153724670410156
-78.645225524902344,35.189727783203125
-78.632713317871094,35.197299957275391
-78.635284423828125,35.210952758789062
-78.170280456542969,35.097484588623047
-78.155242919921875,35.068191528320312
-78.142982482910156,34.901325225830078
-78.195449829101562,34.743625640869141
-78.156097412109375,34.728477478027344
-78.135818481445312,34.711345672607422
-76.943244934082031,35.070034027099609
-76.944229125976562,35.099723815917969
-76.989891052246094,35.154045104980469
-76.972335815429688,35.156772613525391
-76.966606140136719,35.187965393066406
-76.947433471679688,35.216991424560547
-76.591209411621094,35.312080383300781
-76.540977478027344,35.303688049316406
-76.507125854492188,35.248767852783203
-76.640090942382812,35.172519683837891
-76.605224609375000,35.138561248779297
-76.624221801757812,35.064350128173828
-76.678009033203125,35.024085998535156
-76.849464416503906,34.982219696044922
-76.941490173339844,35.027427673339844
-84.291038513183594,35.210544586181641
-84.225944519042969,35.261604309082031
-84.179725646972656,35.240989685058594
-84.101646423339844,35.245552062988281
-84.042778015136719,35.272575378417969
-83.755393981933594,35.148063659667969
-83.853881835937500,35.125793457031250
-83.907318115234375,35.070415496826172
-83.952850341796875,35.048442840576172
-83.959770202636719,35.019123077392578
-83.988548278808594,34.989067077636719
-84.118240356445312,34.988224029541016
-84.323852539062500,34.989009857177734
-78.517440795898438,34.843528747558594
-78.831657409667969,34.844356536865234
-78.896263122558594,34.830902099609375
-78.912551879882812,34.827423095703125
-78.928627014160156,34.879798889160156
-78.948486328125000,34.902683258056641
-79.033607482910156,34.953823089599609
-79.094314575195312,35.037857055664062
-79.106842041015625,35.119224548339844
-77.049003601074219,34.831192016601562
-77.057464599609375,34.815048217773438
-77.073135375976562,34.815441131591797
-77.100692749023438,34.797496795654297
-77.159820556640625,34.788497924804688
-77.164260864257812,34.774517059326172
-77.192840576171875,34.804286956787109
-77.180061340332031,34.832149505615234
-77.206268310546875,34.835502624511719
-77.222991943359375,34.884510040283203
-77.285423278808594,34.926403045654297
-77.335136413574219,34.932540893554688
-77.369972229003906,34.914249420166016
-77.499633789062500,34.962505340576172
-77.639251708984375,34.984020233154297
-77.682991027832031,34.966724395751953
-77.423408508300781,35.194305419921875
-77.205513000488281,35.088054656982422
-77.179244995117188,35.053359985351562
-77.140449523925781,35.054237365722656
-77.131118774414062,35.069282531738281
-77.110588073730469,35.066036224365234
-77.103370666503906,35.024261474609375
-77.109535217285156,34.830429077148438
-80.325279235839844,34.814762115478516
-80.561546325683594,34.815227508544922
-80.800064086914062,34.816112518310547
-80.785652160644531,34.940639495849609
-79.919952392578125,34.807918548583984
-80.058448791503906,35.103984832763672
-80.002807617187500,35.089927673339844
-79.975280761718750,35.096733093261719
-79.944915771484375,35.115337371826172
-79.927497863769531,35.115779876708984
-79.915138244628906,35.106693267822266
-79.908432006835938,35.078994750976562
-79.882080078125000,35.044464111328125
-79.893920898437500,35.007244110107422
-79.867050170898438,34.967716217041016
-79.853706359863281,34.904582977294922
-79.901420593261719,34.852409362792969
-79.340301513671875,34.835609436035156
-79.360679626464844,34.944709777832031
-79.398414611816406,34.996215820312500
-79.181854248046875,34.831882476806641
-76.104743957519531,35.663639068603516
-76.052978515625000,35.414604187011719
-76.181617736816406,35.341533660888672
-76.498802185058594,35.416217803955078
-76.533752441406250,35.450199127197266
-76.458435058593750,35.504425048828125
-76.446525573730469,35.550865173339844
-76.017005920410156,35.069435119628906
-75.975692749023438,35.116184234619141
-75.853935241699219,35.167282104492188
-75.763702392578125,35.192283630371094
-75.811538696289062,35.164020538330078
-75.903945922851562,35.132492065429688
-76.002876281738281,35.069435119628906
-77.689834594726562,34.720195770263672
-77.926673889160156,34.711006164550781
-77.939308166503906,34.719406127929688
-77.989151000976562,34.717094421386719
-78.017364501953125,34.728931427001953
-77.655265808105469,34.918933868408203
-79.685958862304688,34.805255889892578
-79.547103881835938,35.000061035156250
-79.573043823242188,34.978366851806641
-79.580520629882812,34.944789886474609
-79.565589904785156,34.907501220703125
-79.621925354003906,34.849571228027344
-79.611442565917969,34.817749023437500
-79.660148620605469,34.817897796630859
-83.937995910644531,34.989391326904297
-83.549415588378906,34.989536285400391
-77.047882080078125,35.092155456542969
-77.104675292968750,35.087985992431641
-76.647048950195312,34.906333923339844
-76.625617980957031,34.890647888183594
-76.750213623046875,34.848274230957031
-77.001190185546875,35.052886962890625
-76.913108825683594,34.936470031738281
-79.455970764160156,34.634090423583984
-79.667503356933594,34.800662994384766
-79.344451904296875,34.808837890625000
-79.327972412109375,34.772411346435547
-77.538635253906250,34.457008361816406
-77.576332092285156,34.469345092773438
-77.148956298828125,34.764331817626953
-77.129394531250000,34.684913635253906
-77.156600952148438,34.660636901855469
-78.864509582519531,34.477195739746094
-78.919471740722656,34.453639984130859
-78.950736999511719,34.449382781982422
-78.975364685058594,34.399166107177734
-79.002235412597656,34.388042449951172
-79.006416320800781,34.366268157958984
-79.029472351074219,34.347373962402344
-79.040946960449219,34.319297790527344
-79.074501037597656,34.304573059082031
-79.447143554687500,34.619060516357422
-78.841705322265625,34.735000610351562
-78.803321838378906,34.685104370117188
-78.852600097656250,34.566581726074219
-78.845664978027344,34.507453918457031
-76.670059204101562,34.969997406005859
-76.529777526855469,34.974636077880859
-76.445030212402344,35.016658782958984
-76.424057006835938,34.946247100830078
-76.364013671875000,34.943111419677734
-76.329406738281250,34.975955963134766
-76.314712524414062,34.948814392089844
-76.469902038574219,34.785060882568359
-76.625312805175781,34.719753265380859
-77.050529479980469,34.698917388916016
-76.544273376464844,34.587829589843750
-76.555145263671875,34.610660552978516
-76.537750244140625,34.613922119140625
-76.484481811523438,34.697631835937500
-76.432296752929688,34.760684967041016
-76.374679565429688,34.812870025634766
-76.287704467773438,34.877010345458984
-76.469261169433594,34.693283081054688
-78.261497497558594,34.394786834716797
-78.328979492187500,34.364421844482422
-78.437942504882812,34.371841430664062
-78.638084411621094,34.451145172119141
-78.659820556640625,34.450942993164062
-78.668495178222656,34.465129852294922
-78.811889648437500,34.455318450927734
-78.836357116699219,34.459197998046875
-78.262405395507812,34.527938842773438
-78.255058288574219,34.507381439208984
-78.169677734375000,34.462451934814453
-78.025924682617188,34.328769683837891
-78.130241394042969,34.364124298095703
-78.154785156250000,34.362243652343750
-78.184616088867188,34.348171234130859
-78.194564819335938,34.351051330566406
-77.586761474609375,34.420936584472656
-77.609725952148438,34.435043334960938
-77.602615356445312,34.412628173828125
-77.750526428222656,34.305046081542969
-77.809143066406250,34.359432220458984
-77.828384399414062,34.387969970703125
-77.888069152832031,34.364070892333984
-77.921783447265625,34.373313903808594
-77.943939208984375,34.356437683105469
-77.949813842773438,34.366085052490234
-77.979072570800781,34.375686645507812
-77.994453430175781,34.362316131591797
-77.986679077148438,34.339916229248047
-78.655715942382812,33.948673248291016
-78.261062622070312,34.215263366699219
-78.373573303222656,34.202350616455078
-78.361122131347656,34.186721801757812
-78.425430297851562,34.138065338134766
-78.492744445800781,34.158504486083984
-78.527236938476562,34.154857635498047
-78.544281005859375,34.134162902832031
-78.563430786132812,34.058944702148438
-78.587783813476562,34.030605316162109
-78.630271911621094,34.010200500488281
-78.634719848632812,33.977977752685547
-77.960731506347656,34.189243316650391
-77.965866088867188,34.242286682128906
-77.975280761718750,34.243362426757812
-77.983146667480469,34.261680603027344
-78.000221252441406,34.267883300781250
-77.995391845703125,34.282798767089844
-78.007019042968750,34.284816741943359
-78.011306762695312,34.312614440917969
-77.864387512207031,34.192737579345703
-77.894401550292969,34.069179534912109
-77.926757812500000,34.062034606933594
-77.958526611328125,33.992580413818359
-78.034805297851562,33.914291381835938
-78.579719543457031,33.881992340087891
