"backend","case","scenario","max_area","min_angle","status","message","n_vertices","n_triangles","n_added","input_missing","area_total","area_max","area_ok","angle_min","angle_ok","flat","edges_bad","cd_violations","segs_kept","depth_backend","depth_k","depth_1","depth_match","unrefined","time_ms","attr_err"
"laridae","square","constrained",NA,NA,"ok",NA,4,2,0,0,1,0.5,NA,45,NA,0,0,0,1,"1:2","1:2","1:2","k=1",NA,0.45,0
"laridae","square","area",0.005,NA,"ok",NA,169,288,165,0,1,0.00497181827884548,1,29.6529820162086,NA,0,0,0,1,"1:288","1:288","1:288","k=1","none",1.75,1.48029736616688e-16
"laridae","square","angle",NA,25,"ok",NA,4,2,0,0,1,0.5,NA,45,1,0,0,0,1,"1:2","1:2","1:2","k=1","none",1.1,0
"laridae","square","area_angle",0.005,25,"ok",NA,169,288,165,0,1,0.00497181827884548,1,29.6529820162086,1,0,0,0,1,"1:288","1:288","1:288","k=1","none",1.5,1.48029736616688e-16
"laridae","square_hole","constrained",NA,NA,"ok",NA,8,10,0,0,1,0.125,NA,18.434948822922,NA,0,0,0,1,"1:8 2:2","1:8 2:2","1:8 2:2","k=1",NA,0.476190476190477,0
"laridae","square_hole","area",0.005,NA,"ok",NA,186,317,178,0,1,0.00499818929791158,1,27.3835066387666,NA,0,0,0,1,"1:237 2:80","1:237 2:80","1:237 2:80","k=1","none",2,1.48029736616688e-16
"laridae","square_hole","angle",NA,25,"ok",NA,24,30,16,0,1,0.0625,NA,45,1,0,0,0,1,"1:24 2:6","1:24 2:6","1:24 2:6","k=1","none",1.33333333333333,0
"laridae","square_hole","area_angle",0.005,25,"ok",NA,186,317,178,0,1,0.00499818929791158,1,27.3835066387666,1,0,0,0,1,"1:237 2:80","1:237 2:80","1:237 2:80","k=1","none",1.79999999999998,1.48029736616688e-16
"laridae","nested3","constrained",NA,NA,"ok",NA,12,18,0,0,1,0.1,NA,14.0362434679265,NA,0,0,0,1,"1:8 2:8 3:2","1:8 2:8 3:2","1:8 2:8 3:2","k=1",NA,0.615000000000001,0
"laridae","nested3","area",0.005,NA,"ok",NA,179,308,167,0,1,0.005,1,26.565051177078,NA,0,0,0,1,"1:184 2:107 3:17","1:184 2:107 3:17","1:184 2:107 3:17","k=1","none",1.90000000000001,2.96059473233375e-16
"laridae","nested3","angle",NA,25,"ok",NA,28,38,16,0,1,0.03,NA,38.6598082540901,1,0,0,0,1,"1:24 2:12 3:2","1:24 2:12 3:2","1:24 2:12 3:2","k=1","none",1.42857142857144,1.48029736616688e-16
"laridae","nested3","area_angle",0.005,25,"ok",NA,179,308,167,0,1,0.005,1,26.565051177078,1,0,0,0,1,"1:184 2:107 3:17","1:184 2:107 3:17","1:184 2:107 3:17","k=1","none",1.72727272727274,2.96059473233375e-16
"laridae","grid3_doubled","constrained",NA,NA,"ok",NA,16,18,0,0,9,0.5,NA,45,NA,0,0,0,1,"1:16 3:2","1:16 3:2","1:16 2:2","k",NA,0.666666666666678,0
"laridae","grid3_doubled","area",0.045,NA,"ok",NA,169,288,153,0,9,0.0416666666666667,1,40.1009075462122,NA,0,0,0,1,"1:256 3:32","1:256 3:32","1:256 2:32","k","none",1.81818181818182,9.86864910777917e-17
"laridae","grid3_doubled","angle",NA,25,"ok",NA,16,18,0,0,9,0.5,NA,45,1,0,0,0,1,"1:16 3:2","1:16 3:2","1:16 2:2","k","none",1.36363636363638,0
"laridae","grid3_doubled","area_angle",0.045,25,"ok",NA,169,288,153,0,9,0.0416666666666667,1,40.1009075462122,1,0,0,0,1,"1:256 3:32","1:256 3:32","1:256 2:32","k","none",1.99999999999998,9.86864910777917e-17
"laridae","grid3_dedup","constrained",NA,NA,"ok",NA,16,18,0,0,9,0.5,NA,45,NA,0,0,0,1,"1:16 2:2","1:16 2:2","1:16 2:2","k=1",NA,0.476190476190487,0
"laridae","grid3_dedup","area",0.045,NA,"ok",NA,169,288,153,0,9,0.0416666666666667,1,36.869897645844,NA,0,0,0,1,"1:256 2:32","1:256 2:32","1:256 2:32","k=1","none",1.79999999999998,9.86864910777917e-17
"laridae","grid3_dedup","angle",NA,25,"ok",NA,16,18,0,0,9,0.5,NA,45,1,0,0,0,1,"1:16 2:2","1:16 2:2","1:16 2:2","k=1","none",1.45,0
"laridae","grid3_dedup","area_angle",0.045,25,"ok",NA,169,288,153,0,9,0.0416666666666667,1,36.869897645844,1,0,0,0,1,"1:256 2:32","1:256 2:32","1:256 2:32","k=1","none",1.72727272727274,9.86864910777917e-17
"laridae","crossing_rings","constrained",NA,NA,"ok",NA,10,10,2,0,1.75,0.25,NA,45,NA,0,0,0,1,"1:8 2:2","1:8 2:2","1:8 2:2","k=1",NA,0.545454545454485,0
"laridae","crossing_rings","area",0.01125,NA,"ok",NA,143,236,135,0,1.75,0.0111621702382555,1,32.2756443145775,NA,0,0,0,1,"1:204 2:32","1:204 2:32","1:204 2:32","k=1","none",1.83333333333335,9.86864910777917e-17
"laridae","crossing_rings","angle",NA,25,"ok",NA,14,14,6,0,1.75,0.125,NA,45,1,0,0,0,1,"1:12 2:2","1:12 2:2","1:12 2:2","k=1","none",1.3095238095238,0
"laridae","crossing_rings","area_angle",0.01125,25,"ok",NA,143,236,135,0,1.75,0.0111621702382555,1,32.2756443145775,1,0,0,0,1,"1:204 2:32","1:204 2:32","1:204 2:32","k=1","none",2.60000000000002,9.86864910777917e-17
"laridae","crossing_x","constrained",NA,NA,"ok",NA,5,4,1,0,1,0.25,NA,45,NA,0,0,0,1,"0:4","0:4","0:4","k=1",NA,0.599999999999978,0
"laridae","crossing_x","area",0.005,NA,"ok",NA,177,304,173,0,1,0.00494349533507839,1,28.6750500631048,NA,0,0,0,1,"0:304","0:304","0:304","k=1","none",2.09999999999999,1.48029736616688e-16
"laridae","crossing_x","angle",NA,25,"ok",NA,21,24,17,0,1,0.0808058261758408,NA,28.6750500631048,1,0,0,0,1,"0:24","0:24","0:24","k=1","none",1.57142857142855,7.40148683083438e-17
"laridae","crossing_x","area_angle",0.005,25,"ok",NA,177,304,173,0,1,0.00494349533507839,1,28.6750500631048,1,0,0,0,1,"0:304","0:304","0:304","k=1","none",1.9090909090909,1.48029736616688e-16
"laridae","collinear_overlap","constrained",NA,NA,"ok",NA,6,4,0,0,3,1.5,NA,18.434948822922,NA,0,0,0,1,"0:4","0:4","0:4","k=1",NA,0.499999999999989,0
"laridae","collinear_overlap","area",0.015,NA,"ok",NA,184,309,178,0,3,0.0149086039049728,1,30.3999409364099,NA,0,0,0,1,"0:309","0:309","0:309","k=1","none",1.72727272727274,1.77635683940025e-16
"laridae","collinear_overlap","angle",NA,25,"ok",NA,7,5,1,0,3,0.75,NA,45,1,0,0,0,1,"0:5","0:5","0:5","k=1","none",1.02500000000003,0
"laridae","collinear_overlap","area_angle",0.015,25,"ok",NA,184,309,178,0,3,0.0149086039049728,1,30.3999409364099,1,0,0,0,1,"0:309","0:309","0:309","k=1","none",1.65000000000002,1.77635683940025e-16
"laridae","dangling","constrained",NA,NA,"ok",NA,7,8,0,0,1,0.25,NA,11.3099324740202,NA,0,0,0,1,"1:8","1:8","1:8","k=1",NA,0.4,0
"laridae","dangling","area",0.005,NA,"ok",NA,188,320,181,0,1,0.00499297626466045,1,29.6103831374965,NA,0,0,0,1,"1:320","1:320","1:320","k=1","none",2.35000000000003,1.48029736616688e-16
"laridae","dangling","angle",NA,25,"ok",NA,10,11,3,0,1,0.25,NA,11.3099324740202,0.454545454545455,0,0,0,1,"1:11","1:11","1:11","k=1","bad=6 shortEdges=6",1.19047619047616,0
"laridae","dangling","area_angle",0.005,25,"ok",NA,188,320,181,0,1,0.00499297626466045,1,29.6103831374965,1,0,0,0,1,"1:320","1:320","1:320","k=1","none",1.6,1.48029736616688e-16
"laridae","sharp_corner","constrained",NA,NA,"ok",NA,17,13,0,0,1.09792529069445,0.103972130389979,NA,0.999999999999536,NA,0,0,0,1,"1:13","1:13","1:13","k=1",NA,0.428571428571445,0
"laridae","sharp_corner","area",0.0429062738996131,NA,"ok",NA,51,51,34,0,1.09792529069445,0.0331389556001863,1,0.999695498517065,NA,0,0,0,1,"1:51","1:51","1:51","k=1","none",1.28571428571433,1.24400999921991e-16
"laridae","sharp_corner","angle",NA,25,"ok",NA,19,15,2,0,1.09792529069445,0.103972130389979,NA,0.999695498517065,0.8,0,0,0,1,"1:15","1:15","1:15","k=1","bad=3 shortEdges=3 sharpFixedCorner=1",1.20000000000005,0
"laridae","sharp_corner","area_angle",0.0429062738996131,25,"ok",NA,51,51,34,0,1.09792529069445,0.0331389556001863,1,0.999695498517065,0.941176470588235,0,0,0,1,"1:51","1:51","1:51","k=1","bad=3 shortEdges=3 sharpFixedCorner=1",1.45,1.24400999921991e-16
"laridae","points_only","constrained",NA,NA,"ok",NA,500,981,0,0,0.96609341406231,0.00385462165325279,NA,0.137917472878253,NA,0,0,0,NA,"0:981","0:981","0:981","k=1",NA,0.950000000000006,0
"laridae","points_only","area",0.00497212016503466,NA,"ok",NA,644,1125,144,0,0.96609341406231,0.00365171242275075,1,4.01725832504636,NA,0,0,0,NA,"0:1125","0:1125","0:1125","k=1","none",2.18181818181826,1.144214945286e-16
"laridae","points_only","angle",NA,25,"ok",NA,905,1603,405,0,0.96609341406231,0.0031252256470227,NA,25.0459009504993,1,0,0,0,NA,"0:1603","0:1603","0:1603","k=1","none",3.2,1.52561992704801e-16
"laridae","points_only","area_angle",0.00497212016503466,25,"ok",NA,659,1152,159,0,0.96609341406231,0.0031252256470227,1,4.31052460177985,0.925347222222222,0,0,0,NA,"0:1152","0:1152","0:1152","k=1","bad=86 shortEdges=86",2.49999999999995,1.144214945286e-16
"laridae","nc","constrained",NA,NA,"ok",NA,1255,2205,0,0,12.6278021197795,0.091971791072865,NA,0.774386629908075,NA,0,0,0,1,"1:1205 2:707 3:293","1:1205 2:707 3:293","1:1205 2:707 3:293","k=1",NA,3.16666666666669,0
"laridae","nc","area",0.00480169081946369,NA,"ok",NA,2967,5308,1712,0,12.6278021197795,0.00479896236356581,1,3.41740509101608,NA,0,0,0,1,"1:2857 2:1685 3:766","1:2857 2:1685 3:766","1:2857 2:1685 3:766","k=1","none",11.4999999999998,1.14675877973279e-17
"laridae","nc","angle",NA,25,"ok",NA,3577,6487,2322,0,12.6278021197795,0.0376344317701296,NA,2.10095124309172,0.9836596269462,0,0,0,1,"1:3564 2:2045 3:878","1:3564 2:2045 3:878","1:3564 2:2045 3:878","k=1","bad=106 shortEdges=104 sharpFixedCorner=8",13.5000000000005,1.14675877973279e-17
"laridae","nc","area_angle",0.00480169081946369,25,"ok",NA,4109,7514,2854,0,12.6278021197795,0.00479896236356581,1,3.51960685158408,0.985759914825659,0,0,0,1,"1:4053 2:2407 3:1054","1:4053 2:2407 3:1054","1:4053 2:2407 3:1054","k=1","bad=107 shortEdges=105 sharpFixedCorner=9",19.0000000000001,1.14675877973279e-17
"laridae","nc_rings","constrained",NA,NA,"ok",NA,1255,2205,0,0,12.6278021197795,0.091971791072865,NA,0.774386629908075,NA,0,0,0,1,"1:1205 3:707 5:293","1:1205 3:707 5:293","1:1205 2:707 3:293","k",NA,4.60000000000011,0
"laridae","nc_rings","area",0.00480169081946369,NA,"ok",NA,2967,5308,1712,0,12.6278021197795,0.00479896236356581,1,3.41740509101608,NA,0,0,0,1,"1:2857 3:1685 5:766","1:2857 3:1685 5:766","1:2857 2:1685 3:766","k","none",13.5000000000001,1.14675877973279e-17
"laridae","nc_rings","angle",NA,25,"ok",NA,3628,6582,2373,0,12.6278021197795,0.0376344317701296,NA,2.10095124309172,0.984807049529019,0,0,0,1,"1:3581 3:2070 5:931","1:3581 3:2070 5:931","1:3581 2:2070 3:931","k","bad=100 shortEdges=97 sharpFixedCorner=8",15.4999999999994,1.14675877973279e-17
"laridae","nc_rings","area_angle",0.00480169081946369,25,"ok",NA,4156,7601,2901,0,12.6278021197795,0.00479896236356581,1,3.51960685158408,0.986843836337324,0,0,0,1,"1:4069 3:2427 5:1105","1:4069 3:2427 5:1105","1:4069 2:2427 3:1105","k","bad=100 shortEdges=97 sharpFixedCorner=9",19.0000000000001,1.14675877973279e-17
"laridae","cont_tas","constrained",NA,NA,"ok",NA,3827,7539,0,0,722403.499592225,2576.92167270833,NA,0.00890171738571538,NA,0,0,0,1,"0:7124 1:216 2:131 3:53 4:15","0:7124 1:216 2:131 3:53 4:15","0:7124 1:216 2:131 3:53 4:15","k=1",NA,9.00000000000034,0
"laridae","cont_tas","area",144.749279019722,NA,"ok",NA,11488,22550,7661,0,722403.499592369,144.748871749848,1,0,NA,2653,0,0,1,"0:21909 1:331 2:219 3:76 4:15","0:21909 1:331 2:219 3:76 4:15","0:21909 1:331 2:219 3:76 4:15","k=1","none",36.500000000002,3.99516278234521e-06
"laridae","cont_tas","angle",NA,25,"ok",NA,13300,26143,9473,0,722403.499592371,1039.94896814056,NA,0,0.760968519297709,2652,0,0,1,"0:25212 1:464 2:312 3:128 4:27","0:25212 1:464 2:312 3:128 4:27","0:25212 1:464 2:312 3:128 4:27","k=1","bad=3597 shortEdges=3595 sharpFixedCorner=23",83.9999999999996,3.99516278234521e-06
"laridae","cont_tas","area_angle",144.749279019722,25,"ok",NA,13773,27068,9946,0,722403.499592371,144.671821742988,1,0,0.769100044332791,2653,0,0,1,"0:26078 1:498 2:336 3:129 4:27","0:26078 1:498 2:336 3:129 4:27","0:26078 1:498 2:336 3:129 4:27","k=1","bad=3597 shortEdges=3595 sharpFixedCorner=24",71.9999999999992,3.99516278234521e-06
"laridae","cad_tas","constrained",NA,NA,"ok",NA,1029,1974,0,0,723746.39509861,28773.7897590423,NA,0.0682765030411988,NA,0,0,0,1,"1:744 2:957 3:267 4:6","1:744 2:957 3:267 4:6","1:750 2:951 3:267 4:6","k",NA,3.2,0
"laridae","cad_tas","area",144.749279019722,NA,"ok",NA,5275,10177,4246,0,723746.39509861,144.691613124603,1,0.0900617090008366,NA,0,0,0,1,"1:6653 2:2767 3:738 4:19","1:6653 2:2767 3:738 4:19","1:6663 2:2757 3:738 4:19","k","none",23.9999999999974,3.37881468857413e-16
"laridae","cad_tas","angle",NA,25,"ok",NA,3422,6550,2393,0,723746.39509861,8977.71853790727,NA,0.0900617090008366,0.860763358778626,0,0,0,1,"1:2909 2:2826 3:791 4:24","1:2909 2:2826 3:791 4:24","1:2919 2:2816 3:791 4:24","k","bad=912 shortEdges=904 sharpFixedCorner=42",16.9999999999995,3.37881468857413e-16
"laridae","cad_tas","area_angle",144.749279019722,25,"ok",NA,6059,11720,5030,0,723746.39509861,144.691613124603,1,0.0900617090008366,0.926194539249147,0,0,0,1,"1:7360 2:3385 3:946 4:29","1:7360 2:3385 3:946 4:29","1:7370 2:3375 3:946 4:29","k","bad=865 shortEdges=861 sharpFixedCorner=40",30.0000000000011,3.37881468857413e-16
"laridae","nc","edit_refine",0.00480169081946369,20,"ok",NA,3481,6304,2224,0,12.6278021197795,0.00479896236356581,1,2.57773932797383,0.983819796954315,0,0,0,1,"1:3395 2:2005 3:904","1:3395 2:2005 3:904","1:3395 2:2005 3:904","k=1",NA,5.00000000000256,NA
"cdtr","square","constrained",NA,NA,"ok",NA,4,2,0,0,1,0.5,NA,45,NA,0,0,0,1,"1:2","1:2","1:2","k=1",NA,0.850000000000001,0
"cdtr","square","area",0.005,NA,"ok",NA,156,275,152,0,1,0.00490851481793047,1,26.565051177078,NA,0,0,0,1,"1:275","1:275","1:275","k=1","none",1.6,1.48029736616688e-16
"cdtr","square","angle",NA,25,"ok",NA,4,2,0,0,1,0.5,NA,45,1,0,0,0,1,"1:2","1:2","1:2","k=1","none",1.15,0
"cdtr","square","area_angle",0.005,25,"ok",NA,156,275,152,0,1,0.00490851481793047,1,26.565051177078,1,0,0,0,1,"1:275","1:275","1:275","k=1","none",2.42857142857143,1.48029736616688e-16
"cdtr","square_hole","constrained",NA,NA,"ok",NA,8,10,0,0,1,0.125,NA,18.434948822922,NA,0,0,0,1,"1:8 2:2","1:8 2:2","1:8 2:2","k=1",NA,0.900000000000012,0
"cdtr","square_hole","area",0.005,NA,"ok",NA,152,268,144,0,1,0.0048828125,1,26.565051177078,NA,0,0,0,1,"1:202 2:66","1:202 2:66","1:202 2:66","k=1","none",2.05,0
"cdtr","square_hole","angle",NA,25,"ok",NA,12,14,4,0,1,0.125,NA,45,1,0,0,0,1,"1:12 2:2","1:12 2:2","1:12 2:2","k=1","none",1.275,0
"cdtr","square_hole","area_angle",0.005,25,"ok",NA,152,268,144,0,1,0.0048828125,1,26.565051177078,1,0,0,0,1,"1:202 2:66","1:202 2:66","1:202 2:66","k=1","none",2.57142857142857,0
"cdtr","nested3","constrained",NA,NA,"ok",NA,12,18,0,0,1,0.1,NA,14.0362434679265,NA,0,0,0,1,"1:8 2:8 3:2","1:8 2:8 3:2","1:8 2:8 3:2","k=1",NA,1.09999999999999,0
"cdtr","nested3","area",0.005,NA,"ok",NA,190,326,178,0,1,0.005,1,5.97925351072664,NA,0,0,0,1,"1:205 2:106 3:15","1:205 2:106 3:15","1:205 2:106 3:15","k=1","shortEdges=2",1.99999999999997,1.48029736616688e-16
"cdtr","nested3","angle",NA,25,"ok",NA,28,38,16,0,1,0.03,NA,38.6598082540901,1,0,0,0,1,"1:24 2:12 3:2","1:24 2:12 3:2","1:24 2:12 3:2","k=1","none",1.45454545454546,7.40148683083438e-17
"cdtr","nested3","area_angle",0.005,25,"ok",NA,194,334,182,0,1,0.00505992755268184,0.997005988023952,10.5233772635199,0.988023952095808,0,0,0,1,"1:209 2:110 3:15","1:209 2:110 3:15","1:209 2:110 3:15","k=1","shortEdgeTriangles=9 shortEdges=2",2.99999999999999,1.48029736616688e-16
"cdtr","grid3_doubled","constrained",NA,NA,"ok",NA,16,18,0,0,9,0.5,NA,45,NA,0,0,0,1,"1:16 3:2","1:16 3:2","1:16 2:2","k",NA,1.27499999999999,0
"cdtr","grid3_doubled","area",0.045,NA,"ok",NA,174,298,158,0,9,0.0442708333333333,1,30.9637565320735,NA,0,0,0,1,"1:264 3:34","1:264 3:34","1:264 2:34","k","none",2.09999999999999,9.86864910777917e-17
"cdtr","grid3_doubled","angle",NA,25,"ok",NA,16,18,0,0,9,0.5,NA,45,1,0,0,0,1,"1:16 3:2","1:16 3:2","1:16 2:2","k","none",1.3095238095238,0
"cdtr","grid3_doubled","area_angle",0.045,25,"ok",NA,174,298,158,0,9,0.0442708333333333,1,30.9637565320735,1,0,0,0,1,"1:264 3:34","1:264 3:34","1:264 2:34","k","none",2.85714285714286,9.86864910777917e-17
"cdtr","grid3_dedup","constrained",NA,NA,"ok",NA,16,18,0,0,9,0.5,NA,45,NA,0,0,0,1,"1:16 2:2","1:16 2:2","1:16 2:2","k=1",NA,1.04761904761904,0
"cdtr","grid3_dedup","area",0.045,NA,"ok",NA,174,298,158,0,9,0.0442708333333333,1,30.9637565320735,NA,0,0,0,1,"1:264 2:34","1:264 2:34","1:264 2:34","k=1","none",2.29999999999997,9.86864910777917e-17
"cdtr","grid3_dedup","angle",NA,25,"ok",NA,16,18,0,0,9,0.5,NA,45,1,0,0,0,1,"1:16 2:2","1:16 2:2","1:16 2:2","k=1","none",1.22499999999999,0
"cdtr","grid3_dedup","area_angle",0.045,25,"ok",NA,174,298,158,0,9,0.0442708333333333,1,30.9637565320735,1,0,0,0,1,"1:264 2:34","1:264 2:34","1:264 2:34","k=1","none",2.71428571428573,9.86864910777917e-17
"cdtr","crossing_rings","constrained",NA,NA,"ok",NA,10,10,2,0,1.75,0.25,NA,45,NA,0,0,0,1,"1:8 2:2","1:8 2:2","1:8 2:2","k=1",NA,0.999999999999996,0
"cdtr","crossing_rings","area",0.01125,NA,"ok",NA,139,228,131,0,1.75,0.0110677083333333,1,33.6900675259798,NA,0,0,0,1,"1:196 2:32","1:196 2:32","1:196 2:32","k=1","none",1.9090909090909,0
"cdtr","crossing_rings","angle",NA,25,"ok",NA,10,10,2,0,1.75,0.25,NA,45,1,0,0,0,1,"1:8 2:2","1:8 2:2","1:8 2:2","k=1","none",1.22500000000001,0
"cdtr","crossing_rings","area_angle",0.01125,25,"ok",NA,139,228,131,0,1.75,0.0110677083333333,1,33.6900675259798,1,0,0,0,1,"1:196 2:32","1:196 2:32","1:196 2:32","k=1","none",2.72727272727275,0
"cdtr","crossing_x","constrained",NA,NA,"ok",NA,5,4,1,0,1,0.25,NA,45,NA,0,0,0,1,"0:4","0:4","0:4","k=1",NA,1.05000000000002,0
"cdtr","crossing_x","area",0.005,NA,"ok",NA,5,4,1,0,1,0.25,0,45,NA,0,0,0,1,"0:4","0:4","0:4","k=1","circumcenterOutside=4",1.21428571428572,0
"cdtr","crossing_x","angle",NA,25,"ok",NA,5,4,1,0,1,0.25,NA,45,1,0,0,0,1,"0:4","0:4","0:4","k=1","none",1.14999999999998,0
"cdtr","crossing_x","area_angle",0.005,25,"ok",NA,5,4,1,0,1,0.25,0,45,1,0,0,0,1,"0:4","0:4","0:4","k=1","circumcenterOutside=4",1.5909090909091,0
"cdtr","collinear_overlap","constrained",NA,NA,"ok",NA,6,4,0,0,3,1.5,NA,18.434948822922,NA,0,0,0,1,"0:4","0:4","0:4","k=1",NA,0.875000000000004,0
"cdtr","collinear_overlap","area",0.015,NA,"ok",NA,176,300,170,0,3,0.0625,0.98,4.0856167799748,NA,0,0,0,1,"0:300","0:300","0:300","k=1","circumcenterOutside=15",1.79999999999998,1.77635683940025e-16
"cdtr","collinear_overlap","angle",NA,25,"ok",NA,7,5,1,0,3,0.75,NA,45,1,0,0,0,1,"0:5","0:5","0:5","k=1","none",0.950000000000006,0
"cdtr","collinear_overlap","area_angle",0.015,25,"ok",NA,180,308,174,0,3,0.0625,0.977272727272727,0.24984813787945,0.974025974025974,0,0,0,1,"0:308","0:308","0:308","k=1","circumcenterOutside=28",2.27272727272722,1.77635683940025e-16
"cdtr","dangling","constrained",NA,NA,"ok",NA,7,8,0,0,1,0.25,NA,11.3099324740202,NA,0,0,0,1,"1:8","1:8","1:8","k=1",NA,0.857142857142847,0
"cdtr","dangling","area",0.005,NA,"ok",NA,183,318,176,0,1,0.00492022949707473,1,28.3357073552929,NA,0,0,0,1,"1:318","1:318","1:318","k=1","none",1.85714285714297,2.96059473233375e-16
"cdtr","dangling","angle",NA,25,"ok",NA,10,11,3,0,1,0.25,NA,11.3099324740202,0.454545454545455,0,0,0,1,"1:11","1:11","1:11","k=1","shortEdgeTriangles=6",1.04761904761906,0
"cdtr","dangling","area_angle",0.005,25,"ok",NA,183,318,176,0,1,0.00492022949707473,1,28.3357073552929,1,0,0,0,1,"1:318","1:318","1:318","k=1","none",2.14285714285722,2.96059473233375e-16
"cdtr","sharp_corner","constrained",NA,NA,"ok",NA,17,13,0,0,1.09792529069445,0.103972130389979,NA,0.999999999999536,NA,0,0,0,1,"1:13","1:13","1:13","k=1",NA,0.818181818181849,0
"cdtr","sharp_corner","area",0.0429062738996131,NA,"ok",NA,49,49,32,0,1.09792529069445,0.0349101298564352,1,0.999999999999536,NA,0,0,0,1,"1:49","1:49","1:49","k=1","none",1.36363636363633,6.22004999609955e-17
"cdtr","sharp_corner","angle",NA,25,"ok",NA,17,13,0,0,1.09792529069445,0.103972130389979,NA,0.999999999999536,0.923076923076923,0,0,0,1,"1:13","1:13","1:13","k=1","sharpFixedCorner=1",0.999999999999979,0
"cdtr","sharp_corner","area_angle",0.0429062738996131,25,"ok",NA,49,49,32,0,1.09792529069445,0.0349101298564352,1,0.999999999999536,0.979591836734694,0,0,0,1,"1:49","1:49","1:49","k=1","sharpFixedCorner=1",1.80000000000007,6.22004999609955e-17
"cdtr","points_only","constrained",NA,NA,"ok",NA,500,981,0,0,0.96609341406231,0.00385462165325279,NA,0.137917472878253,NA,0,0,0,NA,"0:981","0:981","0:981","k=1",NA,1.50000000000006,0
"cdtr","points_only","area",0.00497212016503466,NA,"ok",NA,500,981,0,0,0.96609341406231,0.00385462165325279,1,0.137917472878253,NA,0,0,0,NA,"0:981","0:981","0:981","k=1","none",1.85714285714284,0
"cdtr","points_only","angle",NA,25,"ok",NA,501,983,1,0,0.96609341406231,0.00385462165325279,NA,0.137917472878253,0.949135300101729,0,0,0,NA,"0:983","0:983","0:983","k=1","circumcenterOutside=52",2.28571428571429,1.52561992704801e-16
"cdtr","points_only","area_angle",0.00497212016503466,25,"ok",NA,501,983,1,0,0.96609341406231,0.00385462165325279,1,0.137917472878253,0.949135300101729,0,0,0,NA,"0:983","0:983","0:983","k=1","circumcenterOutside=52",2.4999999999998,1.52561992704801e-16
"cdtr","nc","constrained",NA,NA,"ok",NA,1255,2205,0,0,12.6278021197795,0.091971791072865,NA,0.774386629908075,NA,0,0,0,1,"1:1205 2:707 3:293","1:1205 2:707 3:293","1:1205 2:707 3:293","k=1",NA,3.2,0
"cdtr","nc","area",0.00480169081946369,NA,"ok",NA,3097,5460,1842,0,12.6278021197795,0.00479983655430626,1,3.51960685157071,NA,0,0,0,1,"1:2976 2:1705 3:779","1:2976 2:1705 3:779","1:2976 2:1705 3:779","k=1","shortEdges=36",12.4999999999993,1.14675877973279e-17
"cdtr","nc","angle",NA,25,"ok",NA,3778,6804,2523,0,12.6278021197795,0.0248305310218836,NA,3.51960685157071,0.979570840681952,0,0,0,1,"1:3770 2:2091 3:943","1:3770 2:2091 3:943","1:3770 2:2091 3:943","k=1","shortEdgeTriangles=235 sharpFixedCorner=5 shortEdges=35",16.75,1.14675877973279e-17
"cdtr","nc","area_angle",0.00480169081946369,25,"ok",NA,4309,7822,3054,0,12.6278021197795,0.00479983655430626,1,3.51960685157071,0.981973919713628,0,0,0,1,"1:4322 2:2417 3:1083","1:4322 2:2417 3:1083","1:4322 2:2417 3:1083","k=1","shortEdgeTriangles=201 sharpFixedCorner=5 shortEdges=61",19.7499999999997,1.14675877973279e-17
"cdtr","nc_rings","constrained",NA,NA,"ok",NA,1255,2205,0,0,12.6278021197795,0.091971791072865,NA,0.774386629908075,NA,0,0,0,1,"1:1205 3:707 5:293","1:1205 3:707 5:293","1:1205 2:707 3:293","k",NA,3.60000000000014,0
"cdtr","nc_rings","area",0.00480169081946369,NA,"ok",NA,3105,5469,1850,0,12.6278021197795,0.00479983655430626,1,3.51960685157071,NA,0,0,0,1,"1:2984 3:1706 5:779","1:2984 3:1706 5:779","1:2984 2:1706 3:779","k","shortEdges=27",14.0000000000002,1.14675877973279e-17
"cdtr","nc_rings","angle",NA,25,"ok",NA,3849,6935,2594,0,12.6278021197795,0.0248305310218836,NA,3.51960685157071,0.981542898341745,0,0,0,1,"1:3793 3:2124 5:1018","1:3793 3:2124 5:1018","1:3793 2:2124 3:1018","k","shortEdgeTriangles=220 sharpFixedCorner=5 shortEdges=27",19.4999999999999,1.14675877973279e-17
"cdtr","nc_rings","area_angle",0.00480169081946369,25,"ok",NA,4366,7925,3111,0,12.6278021197795,0.00479983655430626,1,3.51960685157071,0.983596214511041,0,0,0,1,"1:4339 3:2439 5:1147","1:4339 3:2439 5:1147","1:4339 2:2439 3:1147","k","shortEdgeTriangles=194 sharpFixedCorner=5 shortEdges=47",22.0000000000002,1.14675877973279e-17
"cdtr","cont_tas","constrained",NA,NA,"ok",NA,3827,7539,0,0,722403.499592225,2576.92167270833,NA,0.00890171738571538,NA,0,0,0,1,"0:7124 1:216 2:131 3:53 4:15","0:7124 1:216 2:131 3:53 4:15","0:7124 1:216 2:131 3:53 4:15","k=1",NA,7.33333333333312,0
"cdtr","cont_tas","area",144.749279019722,NA,"ok",NA,5835,11555,2008,0,722403.499592225,855.728787542389,0.997057550843791,0.0060948619357557,NA,0,0,0,1,"0:10915 1:329 2:218 3:78 4:15","0:10915 1:329 2:218 3:78 4:15","0:10915 1:329 2:218 3:78 4:15","k=1","circumcenterOutside=69 shortEdges=30",18.7499999999998,3.37881688844947e-16
"cdtr","cont_tas","angle",NA,25,"ok",NA,7755,15395,3928,0,722403.499592225,855.728787542389,NA,0.0060948619357557,0.955959727184151,0,0,0,1,"0:14416 1:499 2:320 3:128 4:32","0:14416 1:499 2:320 3:128 4:32","0:14416 1:499 2:320 3:128 4:32","k=1","shortEdgeTriangles=905 circumcenterOutside=349 sharpFixedCorner=1 shortEdges=32",31.0000000000024,3.37881688844947e-16
"cdtr","cont_tas","area_angle",144.749279019722,25,"ok",NA,8089,16063,4262,0,722403.499592225,855.728787542389,0.997447550270809,0.0060948619357557,0.957293158189628,0,0,0,1,"0:15059 1:502 2:339 3:131 4:32","0:15059 1:502 2:339 3:131 4:32","0:15059 1:502 2:339 3:131 4:32","k=1","shortEdgeTriangles=790 circumcenterOutside=370 sharpFixedCorner=1 shortEdges=44",35.0000000000001,3.37881688844947e-16
"cdtr","cad_tas","constrained",NA,NA,"ok",NA,1029,1974,0,0,723746.39509861,28773.7897590423,NA,0.0682765030411988,NA,0,0,0,1,"1:744 2:957 3:267 4:6","1:744 2:957 3:267 4:6","1:750 2:951 3:267 4:6","k",NA,3.00000000000011,0
"cdtr","cad_tas","area",144.749279019722,NA,"ok",NA,5314,10275,4285,0,723746.39509861,144.72061899608,1,0.0900617090008366,NA,0,0,0,1,"1:6693 2:2821 3:734 4:27","1:6693 2:2821 3:734 4:27","1:6703 2:2811 3:734 4:27","k","shortEdgeTriangles=1 shortEdges=192",22.9999999999997,3.37881468857413e-16
"cdtr","cad_tas","angle",NA,25,"ok",NA,3603,6915,2574,0,723746.39509861,7612.28178871576,NA,0.0900617090008366,0.859291395516992,0,0,0,1,"1:3132 2:2956 3:800 4:27","1:3132 2:2956 3:800 4:27","1:3142 2:2946 3:800 4:27","k","shortEdgeTriangles=1735 sharpFixedCorner=27 shortEdges=210",17.5000000000001,3.37881468857413e-16
"cdtr","cad_tas","area_angle",144.749279019722,25,"ok",NA,6212,12036,5183,0,723746.39509861,177.417391275468,0.99950149551346,0.0900617090008366,0.921817879694251,0,0,0,1,"1:7492 2:3555 3:961 4:28","1:7492 2:3555 3:961 4:28","1:7502 2:3545 3:961 4:28","k","shortEdgeTriangles=1271 sharpFixedCorner=27 shortEdges=286",35.0000000000001,3.37881468857413e-16
"cdtr","nc","edit_refine",0.00480169081946369,20,"ok",NA,3635,6519,2378,0,12.6278021197795,0.00488842885389031,0.999846602239607,3.51960685157071,0.982205859794447,0,0,0,1,"1:3564 2:2036 3:919","1:3564 2:2036 3:919","1:3564 2:2036 3:919","k=1",NA,16.9999999999995,NA
"trowel","square","constrained",NA,NA,"ok",NA,4,2,0,0,1,0.5,NA,45,NA,0,0,0,1,"1:2","1:2","1:2","k=1",NA,1.15,0
"trowel","square","area",0.005,NA,"ok",NA,167,293,163,0,1,0.00499382607203599,1,30.9745331719617,NA,0,0,0,1,"1:293","1:293","1:293","k=1","none",1.45,7.40148683083438e-17
"trowel","square","angle",NA,25,"ok",NA,4,2,0,0,1,0.5,NA,45,1,0,0,0,1,"1:2","1:2","1:2","k=1","none",1.15,0
"trowel","square","area_angle",0.005,25,"ok",NA,168,295,164,0,1,0.00499382607203599,1,30.9745331719617,1,0,0,0,1,"1:295","1:295","1:295","k=1","none",1.5,7.40148683083438e-17
"trowel","square_hole","constrained",NA,NA,"ok",NA,8,10,0,0,1,0.125,NA,18.434948822922,NA,0,0,0,1,"1:8 2:2","1:8 2:2","1:8 2:2","k=1",NA,1.4,0
"trowel","square_hole","area",0.005,NA,"ok",NA,155,274,147,0,1,0.0048828125,1,26.565051177078,NA,0,0,0,1,"1:201 2:73","1:201 2:73","1:201 2:73","k=1","none",1.50000000000001,7.40148683083438e-17
"trowel","square_hole","angle",NA,25,"ok",NA,12,14,4,0,1,0.125,NA,45,1,0,0,0,1,"1:12 2:2","1:12 2:2","1:12 2:2","k=1","none",1.275,0
"trowel","square_hole","area_angle",0.005,25,"ok",NA,155,274,147,0,1,0.0048828125,1,26.565051177078,1,0,0,0,1,"1:201 2:73","1:201 2:73","1:201 2:73","k=1","none",1.4,7.40148683083438e-17
"trowel","nested3","constrained",NA,NA,"ok",NA,12,18,0,0,1,0.1,NA,14.0362434679265,NA,0,0,0,1,"1:8 2:8 3:2","1:8 2:8 3:2","1:8 2:8 3:2","k=1",NA,1.14285714285712,0
"trowel","nested3","area",0.005,NA,"ok",NA,202,350,190,0,1,0.005,1,20.5560452195835,NA,0,0,0,1,"1:210 2:121 3:19","1:210 2:121 3:19","1:210 2:121 3:19","k=1","none",1.40000000000002,1.48029736616688e-16
"trowel","nested3","angle",NA,25,"ok",NA,28,38,16,0,1,0.03,NA,38.6598082540901,1,0,0,0,1,"1:24 2:12 3:2","1:24 2:12 3:2","1:24 2:12 3:2","k=1","none",1.25,7.40148683083438e-17
"trowel","nested3","area_angle",0.005,25,"ok",NA,207,359,195,0,1,0.005,1,27.1575812660301,1,0,0,0,1,"1:216 2:120 3:23","1:216 2:120 3:23","1:216 2:120 3:23","k=1","none",1.64285714285714,1.48029736616688e-16
"trowel","grid3_doubled","constrained",NA,NA,"ok",NA,16,18,0,0,9,0.5,NA,45,NA,0,0,0,1,"1:16 2:2","1:16 3:2","1:16 2:2","1",NA,1.14285714285714,0
"trowel","grid3_doubled","area",0.045,NA,"ok",NA,176,302,160,0,9,0.0443522135416667,1,30.9637565320735,NA,0,0,0,1,"1:268 2:34","1:268 3:34","1:268 2:34","1","none",1.71428571428572,9.86864910777917e-17
"trowel","grid3_doubled","angle",NA,25,"ok",NA,16,18,0,0,9,0.5,NA,45,1,0,0,0,1,"1:16 2:2","1:16 3:2","1:16 2:2","1","none",1.275,0
"trowel","grid3_doubled","area_angle",0.045,25,"ok",NA,176,302,160,0,9,0.0443522135416667,1,30.9637565320735,1,0,0,0,1,"1:268 2:34","1:268 3:34","1:268 2:34","1","none",1.70000000000001,9.86864910777917e-17
"trowel","grid3_dedup","constrained",NA,NA,"ok",NA,16,18,0,0,9,0.5,NA,45,NA,0,0,0,1,"1:16 2:2","1:16 2:2","1:16 2:2","k=1",NA,1.21428571428571,0
"trowel","grid3_dedup","area",0.045,NA,"ok",NA,176,302,160,0,9,0.0443522135416667,1,30.9637565320735,NA,0,0,0,1,"1:268 2:34","1:268 2:34","1:268 2:34","k=1","none",1.63636363636362,9.86864910777917e-17
"trowel","grid3_dedup","angle",NA,25,"ok",NA,16,18,0,0,9,0.5,NA,45,1,0,0,0,1,"1:16 2:2","1:16 2:2","1:16 2:2","k=1","none",1.09090909090909,0
"trowel","grid3_dedup","area_angle",0.045,25,"ok",NA,176,302,160,0,9,0.0443522135416667,1,30.9637565320735,1,0,0,0,1,"1:268 2:34","1:268 2:34","1:268 2:34","k=1","none",1.45454545454546,9.86864910777917e-17
"trowel","crossing_rings","constrained",NA,NA,"ok",NA,10,10,2,0,1.75,0.25,NA,45,NA,0,0,0,1,"1:8 2:2","1:8 2:2","1:8 2:2","k=1",NA,1.18181818181817,0
"trowel","crossing_rings","area",0.01125,NA,"ok",NA,143,236,135,0,1.75,0.01113016700936,1,30.5971924033204,NA,0,0,0,1,"1:204 2:32","1:204 2:32","1:204 2:32","k=1","none",1.49999999999997,9.86864910777917e-17
"trowel","crossing_rings","angle",NA,25,"ok",NA,10,10,2,0,1.75,0.25,NA,45,1,0,0,0,1,"1:8 2:2","1:8 2:2","1:8 2:2","k=1","none",1.275,0
"trowel","crossing_rings","area_angle",0.01125,25,"ok",NA,143,236,135,0,1.75,0.01113016700936,1,30.5971924033204,1,0,0,0,1,"1:204 2:32","1:204 2:32","1:204 2:32","k=1","none",1.71428571428565,9.86864910777917e-17
"trowel","crossing_x","constrained",NA,NA,"ok",NA,5,4,1,0,1,0.25,NA,45,NA,0,0,0,1,"0:4","0:4","0:4","k=1",NA,1.37499999999999,0
"trowel","crossing_x","area",0.005,NA,"ok",NA,173,301,169,0,1,0.00487379422266653,1,21.6106446365986,NA,0,0,0,1,"0:301","0:301","0:301","k=1","none",1.72727272727274,1.48029736616688e-16
"trowel","crossing_x","angle",NA,25,"ok",NA,5,4,1,0,1,0.25,NA,45,1,0,0,0,1,"0:4","0:4","0:4","k=1","none",1.36363636363633,0
"trowel","crossing_x","area_angle",0.005,25,"ok",NA,178,311,174,0,1,0.00487379422266653,1,26.2849202056147,1,0,0,0,1,"0:311","0:311","0:311","k=1","none",1.6363636363637,1.48029736616688e-16
"trowel","collinear_overlap","constrained",NA,NA,"ok",NA,6,4,0,0,3,1.5,NA,18.434948822922,NA,0,0,0,1,"0:4","0:4","0:4","k=1",NA,1.15000000000003,0
"trowel","collinear_overlap","area",0.015,NA,"ok",NA,198,330,192,0,3,0.0147842861291598,1,28.9718074390618,NA,0,0,0,1,"0:330","0:330","0:330","k=1","none",1.64285714285712,1.77635683940025e-16
"trowel","collinear_overlap","angle",NA,25,"ok",NA,7,5,1,0,3,0.75,NA,45,1,0,0,0,1,"0:5","0:5","0:5","k=1","none",0.999999999999979,0
"trowel","collinear_overlap","area_angle",0.015,25,"ok",NA,198,330,192,0,3,0.0147842861291598,1,28.9718074390618,1,0,0,0,1,"0:330","0:330","0:330","k=1","none",1.63636363636362,1.77635683940025e-16
"trowel","dangling","constrained",NA,NA,"ok",NA,7,8,0,0,1,0.25,NA,11.3099324740202,NA,0,0,0,1,"1:8","1:8","1:8","k=1",NA,1.00000000000016,0
"trowel","dangling","area",0.005,NA,"ok",NA,182,315,175,0,1,0.00498763772278606,1,23.7533492055231,NA,0,0,0,1,"1:315","1:315","1:315","k=1","none",1.42857142857146,1.48029736616688e-16
"trowel","dangling","angle",NA,25,"ok",NA,25,32,18,0,1,0.0875,NA,26.565051177078,1,0,0,0,1,"1:32","1:32","1:32","k=1","none",1.14285714285714,1.48029736616688e-16
"trowel","dangling","area_angle",0.005,25,"ok",NA,183,317,176,0,1,0.00498763772278606,1,26.565051177078,1,0,0,0,1,"1:317","1:317","1:317","k=1","none",1.57142857142859,1.48029736616688e-16
"trowel","sharp_corner","constrained",NA,NA,"ok",NA,17,13,0,0,1.09792529069445,0.103972130389979,NA,0.999999999999536,NA,0,0,0,1,"1:13","1:13","1:13","k=1",NA,1.28571428571433,0
"trowel","sharp_corner","area",0.0429062738996131,NA,"ok",NA,75,75,58,0,1.09792529069445,0.0331389556001863,1,0.999695498517065,NA,0,0,0,1,"1:75","1:75","1:75","k=1","none",1.72727272727258,1.24400999921991e-16
"trowel","sharp_corner","angle",NA,25,"ok",NA,29,25,12,0,1.09792529069445,0.103972130389979,NA,0.999695498517065,0.64,0,0,0,1,"1:25","1:25","1:25","k=1","none",1.925,1.24400999921991e-16
"trowel","sharp_corner","area_angle",0.0429062738996131,25,"ok",NA,88,95,71,0,1.09792529069445,0.0341032786642471,1,0.999695498517065,0.768421052631579,0,0,0,1,"1:95","1:95","1:95","k=1","none",2.14285714285722,1.24400999921991e-16
"trowel","points_only","constrained",NA,NA,"ok",NA,500,981,0,0,0.96609341406231,0.00385462165325279,NA,0.137917472878253,NA,0,0,0,NA,"0:981","0:981","0:981","k=1",NA,3.39999999999998,0
"trowel","points_only","area",0.00497212016503466,NA,"ok",NA,646,1127,146,0,0.96609341406231,0.0031252256470227,1,4.30967989746294,NA,0,0,0,NA,"0:1127","0:1127","0:1127","k=1","none",4.37500000000002,0.0366715385016081
"trowel","points_only","angle",NA,25,"ok",NA,949,1662,449,0,0.96609341406231,0.0031252256470227,NA,25.0323874409576,1,0,0,0,NA,"0:1662","0:1662","0:1662","k=1","none",4.89999999999995,0.0366715385016081
"trowel","points_only","area_angle",0.00497212016503466,25,"ok",NA,949,1662,449,0,0.96609341406231,0.0031252256470227,1,25.0323874409576,1,0,0,0,NA,"0:1662","0:1662","0:1662","k=1","none",3.09090909090915,0.0366715385016081
"trowel","nc","constrained",NA,NA,"ok",NA,1255,2205,0,0,12.6278021197795,0.091971791072865,NA,0.774386629908075,NA,0,0,0,1,"1:1205 2:707 3:293","1:1205 2:707 3:293","1:1205 2:707 3:293","k=1",NA,4.10000000000004,0
"trowel","nc","area",0.00480169081946369,NA,"ok",NA,3864,6257,2609,0,12.6278021197795,0.00480140078239076,1,0.224656400234317,NA,0,0,0,1,"1:3739 2:1725 3:793","1:3739 2:1725 3:793","1:3739 2:1725 3:793","k=1","none",20.0000000000005,0.00169261379764418
"trowel","nc","angle",NA,25,"ok",NA,6440,11232,5185,0,12.6278021197795,0.0231436352906145,NA,3.50638795143024,0.997774216524216,0,0,0,1,"1:7424 2:2590 3:1218","1:7424 2:2590 3:1218","1:7424 2:2590 3:1218","k=1","none",32.5000000000006,0.00169261379764418
"trowel","nc","area_angle",0.00480169081946369,25,"ok",NA,6831,11988,5576,0,12.6278021197795,0.00479359357061977,1,3.50638795143024,0.997914581247915,0,0,0,1,"1:7748 2:2922 3:1318","1:7748 2:2922 3:1318","1:7748 2:2922 3:1318","k=1","none",27.000000000001,0.00169261379764418
"trowel","nc_rings","constrained",NA,NA,"ok",NA,1255,2205,0,0,12.6278021197795,0.091971791072865,NA,0.774386629908075,NA,0,0,0,1,"1:1205 2:707 3:293","1:1205 3:707 5:293","1:1205 2:707 3:293","1",NA,2.99999999999982,0
"trowel","nc_rings","area",0.00480169081946369,NA,"ok",NA,3863,6255,2608,0,12.6278021197795,0.00480140078239076,1,0.224656400234317,NA,0,0,0,1,"1:3737 2:1726 3:792","1:3737 3:1726 5:792","1:3737 2:1726 3:792","1","none",16.4999999999997,0.00169261379764418
"trowel","nc_rings","angle",NA,25,"ok",NA,6441,11234,5186,0,12.6278021197795,0.0231436352906145,NA,3.50638795143024,0.997774612782624,0,0,0,1,"1:7424 2:2591 3:1219","1:7424 3:2591 5:1219","1:7424 2:2591 3:1219","1","none",22.9999999999997,0.00169261379764418
"trowel","nc_rings","area_angle",0.00480169081946369,25,"ok",NA,6825,11976,5570,0,12.6278021197795,0.00479359357061977,1,3.50638795143024,0.997912491649967,0,0,0,1,"1:7747 2:2913 3:1316","1:7747 3:2913 5:1316","1:7747 2:2913 3:1316","1","none",27.000000000001,0.00169261379764418
"trowel","cont_tas","constrained",NA,NA,"ok",NA,3827,7539,0,0,722403.499592225,2576.92167270833,NA,0.00890171738571538,NA,0,0,0,1,"0:7124 1:216 2:131 3:53 4:15","0:7124 1:216 2:131 3:53 4:15","0:7124 1:216 2:131 3:53 4:15","k=1",NA,6.12499999999994,0
"trowel","cont_tas","area",144.749279019722,NA,"ok",NA,13925,23622,10098,0,722403.49959232,144.748871749848,1,0.0106568502060376,NA,0,0,0,1,"0:22982 1:324 2:219 3:82 4:15","0:22982 1:324 2:219 3:82 4:15","0:22982 1:324 2:219 3:82 4:15","k=1","none",21.0000000000008,1.45389560278416e-05
"trowel","cont_tas","angle",NA,25,"ok",NA,24719,45010,20892,0,722403.499592304,660.785076498985,NA,0.0184506214757013,0.997822706065319,0,0,0,1,"0:43800 1:591 2:427 3:165 4:27","0:43800 1:591 2:427 3:165 4:27","0:43800 1:591 2:427 3:165 4:27","k=1","none",79.0000000000006,3.99575693682072e-06
"trowel","cont_tas","area_angle",144.749279019722,25,"ok",NA,25104,45769,21277,0,722403.499592316,144.482365407891,1,0.0184506214757013,0.997727719635561,0,0,0,1,"0:44526 1:607 2:438 3:171 4:27","0:44526 1:607 2:438 3:171 4:27","0:44526 1:607 2:438 3:171 4:27","k=1","none",59.9999999999952,1.45389560278416e-05
"trowel","cad_tas","constrained",NA,NA,"ok",NA,1029,1974,0,0,723746.39509861,28773.7897590424,NA,0.0682765030411988,NA,0,0,0,1,"1:750 2:951 3:267 4:6","1:744 2:957 3:267 4:6","1:750 2:951 3:267 4:6","1",NA,2.35714285714244,0
"trowel","cad_tas","area",144.749279019722,NA,"ok",NA,5453,10522,4424,0,723746.395098608,144.715561684093,1,0.115236379219773,NA,0,0,0,1,"1:6827 2:2906 3:762 4:27","1:6817 2:2916 3:762 4:27","1:6827 2:2906 3:762 4:27","1","none",11.5000000000016,3.37881468857413e-16
"trowel","cad_tas","angle",NA,25,"ok",NA,7254,14094,6225,0,723746.395098604,4495.1328339271,NA,1.30925558731819,0.992904782176813,0,0,0,1,"1:5671 2:6369 3:2015 4:39","1:5659 2:6381 3:2015 4:39","1:5671 2:6369 3:2015 4:39","1","none",15.0000000000006,3.37881468857413e-16
"trowel","cad_tas","area_angle",144.749279019722,25,"ok",NA,9501,18523,8472,0,723746.395098602,144.704042497259,1,1.30925558731819,0.994709280354154,0,0,0,1,"1:9625 2:6727 3:2134 4:37","1:9613 2:6739 3:2134 4:37","1:9625 2:6727 3:2134 4:37","1","none",21.9999999999985,3.37881468857413e-16
"trowel","nc","edit_refine",0.00480169081946369,20,"ok",NA,5555,9406,4298,0,12.6278021197795,0.00479359357061977,1,3.51960685151693,0.998936848819902,0,0,0,1,"1:6171 2:2227 3:1008","1:6171 2:2227 3:1008","1:6171 2:2227 3:1008","k=1",NA,18.0000000000007,NA
"RTriangle","square","constrained",NA,NA,"ok",NA,4,2,0,0,1,0.5,NA,45,NA,0,0,0,1,NA,"1:2","1:2",NA,NA,0.55,0
"RTriangle","square","area",0.005,NA,"ok",NA,171,314,167,0,1,0.00499978368415573,1,0.170522649836136,NA,0,0,0,1,NA,"1:314","1:314",NA,NA,1.02380952380952,4.44089209850063e-16
"RTriangle","square","angle",NA,25,"ok",NA,4,2,0,0,1,0.5,NA,45,1,0,0,0,1,NA,"1:2","1:2",NA,NA,0.700000000000001,0
"RTriangle","square","area_angle",0.005,25,"ok",NA,180,322,176,0,1,0.00499883012069699,1,25.8469127953827,1,0,0,0,1,NA,"1:322","1:322",NA,NA,0.950000000000006,4.44089209850063e-16
"RTriangle","square_hole","constrained",NA,NA,"ok",NA,8,10,0,0,1,0.125,NA,18.434948822922,NA,0,0,0,1,NA,"1:8 2:2","1:8 2:2",NA,NA,0.600000000000001,0
"RTriangle","square_hole","area",0.005,NA,"ok",NA,174,320,166,0,1,0.00495627077696553,1,1.06082197459201,NA,0,0,0,1,NA,"1:236 2:84","1:236 2:84",NA,NA,1.19999999999999,1.48029736616688e-16
"RTriangle","square_hole","angle",NA,25,"ok",NA,12,14,4,0,1,0.125,NA,45,1,0,0,0,1,NA,"1:12 2:2","1:12 2:2",NA,NA,0.850000000000006,0
"RTriangle","square_hole","area_angle",0.005,25,"ok",NA,175,313,167,0,1,0.00497008234112596,1,26.1139649517205,1,0,0,0,1,NA,"1:231 2:82","1:231 2:82",NA,NA,1,2.96059473233375e-16
"RTriangle","nested3","constrained",NA,NA,"ok",NA,12,18,0,0,1,0.1,NA,14.0362434679265,NA,0,0,0,1,NA,"1:8 2:8 3:2","1:8 2:8 3:2",NA,NA,1,0
"RTriangle","nested3","area",0.005,NA,"ok",NA,176,328,164,0,1,0.005,1,0.622360947677327,NA,0,0,0,1,NA,"1:214 2:102 3:12","1:214 2:102 3:12",NA,NA,0.857142857142869,1.48029736616688e-16
"RTriangle","nested3","angle",NA,25,"ok",NA,20,30,8,0,1,0.05,NA,33.6900675259798,1,0,0,0,1,NA,"1:16 2:12 3:2","1:16 2:12 3:2",NA,NA,0.619047619047614,7.40148683083438e-17
"RTriangle","nested3","area_angle",0.005,25,"ok",NA,179,323,167,0,1,0.005,1,25.3824912475433,1,0,0,0,1,NA,"1:209 2:102 3:12","1:209 2:102 3:12",NA,NA,0.976190476190474,1.48029736616688e-16
"RTriangle","grid3_doubled","constrained",NA,NA,"error","Duplicated vertices in P.",NA,NA,NA,NA,NA,NA,NA,NA,NA,NA,NA,NA,NA,NA,NA,NA,NA,NA,NA,NA
"RTriangle","grid3_doubled","area",0.045,NA,"error","Duplicated vertices in P.",NA,NA,NA,NA,NA,NA,NA,NA,NA,NA,NA,NA,NA,NA,NA,NA,NA,NA,NA,NA
"RTriangle","grid3_doubled","angle",NA,25,"error","Duplicated vertices in P.",NA,NA,NA,NA,NA,NA,NA,NA,NA,NA,NA,NA,NA,NA,NA,NA,NA,NA,NA,NA
"RTriangle","grid3_doubled","area_angle",0.045,25,"error","Duplicated vertices in P.",NA,NA,NA,NA,NA,NA,NA,NA,NA,NA,NA,NA,NA,NA,NA,NA,NA,NA,NA,NA
"RTriangle","grid3_dedup","constrained",NA,NA,"ok",NA,16,18,0,0,9,0.5,NA,45,NA,0,0,0,1,NA,"1:16 2:2","1:16 2:2",NA,NA,0.619047619047614,0
"RTriangle","grid3_dedup","area",0.045,NA,"ok",NA,175,320,159,0,9,0.044921875,1,0.077536655025145,NA,0,0,0,1,NA,"1:286 2:34","1:286 2:34",NA,NA,1.02380952380952,1.97372982155583e-16
"RTriangle","grid3_dedup","angle",NA,25,"ok",NA,16,18,0,0,9,0.5,NA,45,1,0,0,0,1,NA,"1:16 2:2","1:16 2:2",NA,NA,0.571428571428572,0
"RTriangle","grid3_dedup","area_angle",0.045,25,"ok",NA,168,301,152,0,9,0.0448746219758065,1,25.5896957484461,1,0,0,0,1,NA,"1:272 2:29","1:272 2:29",NA,NA,1.05000000000001,1.97372982155583e-16
"RTriangle","crossing_rings","constrained",NA,NA,"ok",NA,10,10,2,0,1.75,0.25,NA,45,NA,0,0,0,1,NA,"1:8 2:2","1:8 2:2",NA,NA,0.88095238095239,0
"RTriangle","crossing_rings","area",0.01125,NA,"ok",NA,144,259,136,0,1.75,0.010972583393805,1,0.0306359988250152,NA,0,0,0,1,NA,"1:223 2:36","1:223 2:36",NA,NA,0.952380952380953,1.97372982155583e-16
"RTriangle","crossing_rings","angle",NA,25,"ok",NA,10,10,2,0,1.75,0.25,NA,45,1,0,0,0,1,NA,"1:8 2:2","1:8 2:2",NA,NA,0.649999999999995,0
"RTriangle","crossing_rings","area_angle",0.01125,25,"ok",NA,136,231,128,0,1.75,0.0111387643745013,1,26.1043939259256,1,0,0,0,1,NA,"1:198 2:33","1:198 2:33",NA,NA,0.85714285714289,1.97372982155583e-16
"RTriangle","crossing_x","constrained",NA,NA,"ok",NA,5,4,1,0,1,0.25,NA,45,NA,0,0,0,1,NA,"0:4","0:4",NA,NA,0.800000000000001,0
"RTriangle","crossing_x","area",0.005,NA,"ok",NA,178,325,174,0,1,0.00499788124126157,1,1.43272417335445,NA,0,0,0,1,NA,"0:325","0:325",NA,NA,1.10000000000001,2.96059473233375e-16
"RTriangle","crossing_x","angle",NA,25,"ok",NA,5,4,1,0,1,0.25,NA,45,1,0,0,0,1,NA,"0:4","0:4",NA,NA,0.700000000000012,0
"RTriangle","crossing_x","area_angle",0.005,25,"ok",NA,182,324,178,0,1,0.00499280524379573,1,25.8835667004889,1,0,0,0,1,NA,"0:324","0:324",NA,NA,1.075,1.48029736616688e-16
"RTriangle","collinear_overlap","constrained",NA,NA,"ok",NA,6,4,0,0,3,1.5,NA,18.434948822922,NA,0,0,0,1,NA,"0:4","0:4",NA,NA,0.714285714285741,0
"RTriangle","collinear_overlap","area",0.015,NA,"ok",NA,175,315,169,0,3,0.0147840203193327,1,4.47864052842944,NA,0,0,0,1,NA,"0:315","0:315",NA,NA,1.26190476190478,1.77635683940025e-16
"RTriangle","collinear_overlap","angle",NA,25,"ok",NA,7,5,1,0,3,0.75,NA,45,1,0,0,0,1,NA,"0:5","0:5",NA,NA,1.14999999999998,0
"RTriangle","collinear_overlap","area_angle",0.015,25,"ok",NA,180,312,174,0,3,0.0149756971118262,1,25.7900485746799,1,0,0,0,1,NA,"0:312","0:312",NA,NA,1.09090909090913,5.32907051820075e-16
"RTriangle","dangling","constrained",NA,NA,"ok",NA,7,8,0,0,1,0.25,NA,11.3099324740202,NA,0,0,0,1,NA,"1:8","1:8",NA,NA,0.6575,0
"RTriangle","dangling","area",0.005,NA,"ok",NA,173,320,166,0,1,0.00499064299615598,1,1.07607337393935,NA,0,0,0,1,NA,"1:320","1:320",NA,NA,1.02380952380953,1.48029736616688e-16
"RTriangle","dangling","angle",NA,25,"ok",NA,23,29,16,0,1,0.0875,NA,25.8156930094019,1,0,0,0,1,NA,"1:29","1:29",NA,NA,0.714285714285741,1.48029736616688e-16
"RTriangle","dangling","area_angle",0.005,25,"ok",NA,178,319,171,0,1,0.00498531552187407,1,26.565051177078,1,0,0,0,1,NA,"1:319","1:319",NA,NA,0.857142857142847,5.18104078158406e-16
"RTriangle","sharp_corner","constrained",NA,NA,"ok",NA,17,13,0,0,1.09792529069445,0.103972130389979,NA,0.999999999999536,NA,0,0,0,1,NA,"1:13","1:13",NA,NA,0.682499999999999,0
"RTriangle","sharp_corner","area",0.0429062738996131,NA,"ok",NA,35,49,18,0,1.09792529069445,0.0349101298564352,1,0.999999999999536,NA,0,0,0,1,NA,"1:49","1:49",NA,NA,0.666666666666636,6.22004999609955e-17
"RTriangle","sharp_corner","angle",NA,25,"ok",NA,27,23,10,0,1.09792529069445,0.103972130389979,NA,0.9999999999999,0.695652173913043,0,0,0,1,NA,"1:23","1:23",NA,NA,0.667499999999999,1.24400999921991e-16
"RTriangle","sharp_corner","area_angle",0.0429062738996131,25,"ok",NA,52,59,35,0,1.09792529069445,0.0331389556001863,1,0.9999999999999,0.88135593220339,0,0,0,1,NA,"1:59","1:59",NA,NA,0.659999999999998,1.24400999921991e-16
"RTriangle","points_only","constrained",NA,NA,"ok",NA,500,981,0,0,0.96609341406231,0.00385462165325279,NA,0.137917472878253,NA,0,0,0,NA,NA,"0:981","0:981",NA,NA,1.45000000000008,0
"RTriangle","points_only","area",0.00497212016503466,NA,"ok",NA,500,981,0,0,0.96609341406231,0.00385462165325279,1,0.137917472878253,NA,0,0,0,NA,NA,"0:981","0:981",NA,NA,1.5454545454545,0
"RTriangle","points_only","angle",NA,25,"ok",NA,792,1429,292,0,0.96609341406231,0.0031252256470227,NA,25.0295332107083,1,0,0,0,NA,NA,"0:1429","0:1429",NA,NA,1.66666666666663,4.57685978114402e-16
"RTriangle","points_only","area_angle",0.00497212016503466,25,"ok",NA,792,1429,292,0,0.96609341406231,0.0031252256470227,1,25.0295332107083,1,0,0,0,NA,NA,"0:1429","0:1429",NA,NA,1.78571428571431,4.57685978114402e-16
"RTriangle","nc","constrained",NA,NA,"ok",NA,1255,2205,0,0,12.6278021197795,0.091971791072865,NA,0.774386629908075,NA,0,0,0,1,NA,"1:1205 2:707 3:293","1:1205 2:707 3:293",NA,NA,3.28571428571424,0
"RTriangle","nc","area",0.00480169081946369,NA,"ok",NA,2716,5067,1461,0,12.6278021197795,0.0047994561616998,1,0.153765421814494,NA,0,0,0,1,NA,"1:2673 2:1663 3:731","1:2673 2:1663 3:731",NA,NA,4.75000000000003,1.72013816959918e-16
"RTriangle","nc","angle",NA,25,"ok",NA,3089,5613,1834,0,12.6278021197795,0.029620604728914,NA,3.51960685157071,0.998574737217174,0,0,0,1,NA,"1:3001 2:1806 3:806","1:3001 2:1806 3:806",NA,NA,6.00000000000023,1.61692987942323e-15
"RTriangle","nc","area_angle",0.00480169081946369,25,"ok",NA,3710,6824,2455,0,12.6278021197795,0.00479896236356581,1,3.51960685157071,0.998827667057444,0,0,0,1,NA,"1:3605 2:2229 3:990","1:3605 2:2229 3:990",NA,NA,6.49999999999995,1.61692987942323e-15
"RTriangle","nc_rings","constrained",NA,NA,"error","Duplicated vertices in P.",NA,NA,NA,NA,NA,NA,NA,NA,NA,NA,NA,NA,NA,NA,NA,NA,NA,NA,NA,NA
"RTriangle","nc_rings","area",0.00480169081946369,NA,"error","Duplicated vertices in P.",NA,NA,NA,NA,NA,NA,NA,NA,NA,NA,NA,NA,NA,NA,NA,NA,NA,NA,NA,NA
"RTriangle","nc_rings","angle",NA,25,"error","Duplicated vertices in P.",NA,NA,NA,NA,NA,NA,NA,NA,NA,NA,NA,NA,NA,NA,NA,NA,NA,NA,NA,NA
"RTriangle","nc_rings","area_angle",0.00480169081946369,25,"error","Duplicated vertices in P.",NA,NA,NA,NA,NA,NA,NA,NA,NA,NA,NA,NA,NA,NA,NA,NA,NA,NA,NA,NA
"RTriangle","cont_tas","constrained",NA,NA,"ok",NA,3827,7539,0,0,722403.499592225,2576.92167270833,NA,0.00890171738571538,NA,0,0,0,1,NA,"0:7124 1:216 2:131 3:53 4:15","0:7124 1:216 2:131 3:53 4:15",NA,NA,9.16666666666662,0
"RTriangle","cont_tas","area",144.749279019722,NA,"ok",NA,5343,10532,1516,0,722403.499592224,144.67182174347,1,0.0104117514627169,NA,0,0,0,1,NA,"0:9908 1:321 2:211 3:77 4:15","0:9908 1:321 2:211 3:77 4:15",NA,NA,10.9999999999998,8.44704222112367e-16
"RTriangle","cont_tas","angle",NA,25,"ok",NA,11342,21247,7515,0,722403.499592245,655.481559740973,NA,0.0184506147002426,0.942156539746788,0,0,0,1,NA,"0:20365 1:440 2:297 3:118 4:27","0:20365 1:440 2:297 3:118 4:27",NA,NA,17.7499999999999,1.77127717743186e-11
"RTriangle","cont_tas","area_angle",144.749279019722,25,"ok",NA,11819,22191,7992,0,722403.499592245,144.67182174347,1,0.0184506147002426,0.944617187147943,0,0,0,1,NA,"0:21266 1:465 2:313 3:120 4:27","0:21266 1:465 2:313 3:120 4:27",NA,NA,19.0000000000001,1.77127717743186e-11
"RTriangle","cad_tas","constrained",NA,NA,"ok",NA,1029,1974,0,0,723746.39509861,28773.7897590423,NA,0.0682765030411988,NA,0,0,0,1,NA,"1:744 2:957 3:267 4:6","1:750 2:951 3:267 4:6",NA,NA,2.57142857142867,0
"RTriangle","cad_tas","area",144.749279019722,NA,"ok",NA,4532,8893,3503,0,723746.39509861,144.742664132196,1,0.0644829913458847,NA,0,0,0,1,NA,"1:6182 2:2124 3:576 4:11","1:6188 2:2118 3:576 4:11",NA,NA,7.33333333333401,3.04093321971672e-15
"RTriangle","cad_tas","angle",NA,25,"ok",NA,4839,9364,3810,0,723746.39509861,7142.10288735933,NA,1.30925558737971,0.992310978214438,0,0,0,1,NA,"1:3612 2:4476 3:1255 4:21","1:3624 2:4464 3:1255 4:21",NA,NA,8.50000000000032,7.35736898437017e-13
"RTriangle","cad_tas","area_angle",144.749279019722,25,"ok",NA,7371,14362,6342,0,723746.39509861,144.708159650362,1,1.30925558737971,0.995126027015736,0,0,0,1,NA,"1:7991 2:4995 3:1354 4:22","1:8003 2:4983 3:1354 4:22",NA,NA,16.4999999999988,7.60909067866895e-13
"RTriangle","nc","edit_refine",0.00480169081946369,20,"ok",NA,3299,6055,2042,0,12.6278021197795,0.0048014765181492,1,3.51960685157071,0.998678777869529,0,0,0,1,NA,"1:3196 2:1949 3:910","1:3196 2:1949 3:910",NA,NA,6.00000000000023,NA
